Country Name,Country Code,Indicator Name,Indicator Code,1960,1961,1962,1963,1964,1965,1966,1967,1968,1969,1970,1971,1972,1973,1974,1975,1976,1977,1978,1979,1980,1981,1982,1983,1984,1985,1986,1987,1988,1989,1990,1991,1992,1993,1994,1995,1996,1997,1998,1999,2000,2001,2002,2003,2004,2005,2006,2007,2008,2009,2010,2011,2012,2013,2014,2015,2016,2017,2018,2019,2020
Aruba,ABW,Medium and high-tech Industry (including construction) (% manufacturing value added),NV.MNF.TECH.ZS.UN,,,,,,,,,,,,,,,,,,,,,,,,,,,,,,,,,,,,,,,,,,,,,,,,,,,,,,,,,,,,,
Africa Eastern and Southern,AFE,Medium and high-tech Industry (including construction) (% manufacturing value added),NV.MNF.TECH.ZS.UN,,,,,,,,,,,,,,,,,,,,,,,,,,,,,,,,,,,,,,,,,,,,,,,,,,,,,,,,,,,,,
Afghanistan,AFG,Medium and high-tech Industry (including construction) (% manufacturing value added),NV.MNF.TECH.ZS.UN,,,,,,,,,,,,,,,,,,,,,,,,,,,,,,,13.59084406,13.59084406,13.59084406,13.59084406,13.59084406,13.59084406,13.59084406,13.59084406,13.59084406,13.59084406,13.59084406,13.59084406,13.59084406,13.59084406,14.27571728,2.717656631,2.701549836,3.063960169,9.559296653,10.00683995,9.483963926,9.285154368,8.927932891,9.258118367,9.507433901,9.507433905,9.507433902,9.507433902,9.507433902,,
Africa Western and Central,AFW,Medium and high-tech Industry (including construction) (% manufacturing value added),NV.MNF.TECH.ZS.UN,,,,,,,,,,,,,,,,,,,,,,,,,,,,,,,,,,,,,,,,,,,,,,,,,,,,,,,,,,,,,
Angola,AGO,Medium and high-tech Industry (including construction) (% manufacturing value added),NV.MNF.TECH.ZS.UN,,,,,,,,,,,,,,,,,,,,,,,,,,,,,,,4.518579929,4.518579929,4.518579929,4.518579929,4.518579929,4.518579929,4.518579929,4.518579929,4.518579929,4.518579929,4.518579929,4.518579929,4.518579929,4.518579929,4.518579929,4.518579929,4.518579929,4.518579929,4.518579929,4.518579929,4.518579929,4.518579929,4.518579929,4.518579929,4.518579929,3.760257293,3.372697532,3.372697532,3.372697532,,
Albania,ALB,Medium and high-tech Industry (including construction) (% manufacturing value added),NV.MNF.TECH.ZS.UN,,,,,,,,,,,,,,,,,,,,,,,,,,,,,,,7.581147177,7.581147177,4.642834014,4.642834014,5.902943815,8.072768794,1.843789302,2.013605501,5.119036911,7.70330249,7.610966163,12.30733149,7.801053849,6.434800295,8.795619682,16.98425068,20.2122671,18.95074935,14.08801133,14.36151942,6.555943839,10.54919472,17.09504633,5.636489284,6.628266269,5.804435386,4.468150738,4.881038212,4.880979561,,
Andorra,AND,Medium and high-tech Industry (including construction) (% manufacturing value added),NV.MNF.TECH.ZS.UN,,,,,,,,,,,,,,,,,,,,,,,,,,,,,,,,,,,,,,,,,,,,,,,,,,,,,,,,,,,,,
Arab World,ARB,Medium and high-tech Industry (including construction) (% manufacturing value added),NV.MNF.TECH.ZS.UN,,,,,,,,,,,,,,,,,,,,,,,,,,,,,,,,,,,,,,,,,,,,,,,,,,,,,,,,,,,,,
United Arab Emirates,ARE,Medium and high-tech Industry (including construction) (% manufacturing value added),NV.MNF.TECH.ZS.UN,,,,,,,,,,,,,,,,,,,,,,,,,,,,,,,37.6338477,37.6338477,37.6338477,37.6338477,37.6338477,37.6338477,37.6338477,37.6338477,37.6338477,37.6338477,37.6338477,37.6338477,37.6338477,37.6338477,37.6338477,37.6338477,37.6338477,37.6338477,37.6338477,37.6338477,37.6338477,37.6338477,37.78255069,37.87354514,37.82861312,35.92971301,35.91946218,36.63153879,36.63153879,,
Argentina,ARG,Medium and high-tech Industry (including construction) (% manufacturing value added),NV.MNF.TECH.ZS.UN,,,,,,,,,,,,,,,,,,,,,,,,,,,,,,,24.86999967,24.86999967,27.92053016,27.92053016,29.62835419,27.20051284,28.56355064,30.98321441,30.44332121,28.10712334,28.5957381,26.98261036,26.00064759,26.00064759,25.18973818,25.86335142,26.76937326,26.88490827,26.4253711,25.97003274,26.68927477,26.7739815,26.62255139,26.88200125,25.7959423,25.66345429,27.27015854,27.68397935,27.41630987,,
Armenia,ARM,Medium and high-tech Industry (including construction) (% manufacturing value added),NV.MNF.TECH.ZS.UN,,,,,,,,,,,,,,,,,,,,,,,,,,,,,,,28.82423314,28.82423314,28.82423314,28.82423314,28.82423314,20.1993381,26.36174497,18.2095414,9.446084814,7.620859753,9.526266368,9.956361795,7.752729385,7.547890572,4.076012707,3.913082193,3.904431887,3.912039669,3.914715187,4.509566552,4.508784504,4.509303142,4.509532732,4.509440543,4.509795589,4.509795589,4.615646735,4.836925414,4.836925414,,
American Samoa,ASM,Medium and high-tech Industry (including construction) (% manufacturing value added),NV.MNF.TECH.ZS.UN,,,,,,,,,,,,,,,,,,,,,,,,,,,,,,,,,,,,,,,,,,,,,,,,,,,,,,,,,,,,,
Antigua and Barbuda,ATG,Medium and high-tech Industry (including construction) (% manufacturing value added),NV.MNF.TECH.ZS.UN,,,,,,,,,,,,,,,,,,,,,,,,,,,,,,,,,,,,,,,,,,,,,,,,,,,,,,,,,,,,,
Australia,AUS,Medium and high-tech Industry (including construction) (% manufacturing value added),NV.MNF.TECH.ZS.UN,,,,,,,,,,,,,,,,,,,,,,,,,,,,,,,28.40101669,28.05949305,21.00202429,28.88351742,27.75612375,25.57940317,26.41257026,27.17526829,28.13501853,27.78820956,27.23990412,26.02618488,24.73389849,23.90711425,24.6620872,24.48889533,25.08401431,26.48138334,26.17932652,28.0298292,27.81665001,29.62318897,30.91135541,30.88138589,30.69729473,29.4487097,29.41727101,29.65599407,28.12574196,,
Austria,AUT,Medium and high-tech Industry (including construction) (% manufacturing value added),NV.MNF.TECH.ZS.UN,,,,,,,,,,,,,,,,,,,,,,,,,,,,,,,36.52573765,37.12706544,35.41869336,36.21827117,36.61075708,34.01586521,34.19420902,35.63599936,37.25490798,37.60188157,38.80751777,38.24112509,38.36055956,39.70297736,39.84122521,41.67287802,42.14829795,42.61641495,43.78163653,42.69670979,44.83634087,46.02755362,45.70746721,45.96889672,46.46336565,46.1727253,46.51288895,46.47379764,45.95163316,,
Azerbaijan,AZE,Medium and high-tech Industry (including construction) (% manufacturing value added),NV.MNF.TECH.ZS.UN,,,,,,,,,,,,,,,,,,,,,,,,,,,,,,,23.81814889,18.49524231,20.71848639,25.92806626,14.88908473,11.4073591,10.62037754,10.34413316,9.909011295,10.71875561,16.53476839,23.81821671,24.88587012,19.81801679,18.47080544,38.50409955,24.21890593,19.92034015,13.17337115,13.87670127,10.0707635,12.49473225,12.49600262,15.7179783,17.53864287,29.90724336,28.03716177,20.36944059,15.59492064,,
Burundi,BDI,Medium and high-tech Industry (including construction) (% manufacturing value added),NV.MNF.TECH.ZS.UN,,,,,,,,,,,,,,,,,,,,,,,,,,,,,,,1.670486772,1.542743731,1.553724649,1.553724648,1.553724647,1.553724647,1.553724648,1.55372465,1.55372465,1.553724648,2.534629976,2.585408118,2.409174818,2.767665081,2.971535068,3.297938357,3.378421413,3.664700927,2.153761236,3.300058003,3.082041594,2.047591614,2.208339026,2.789203809,2.789203809,2.789203809,2.570193649,2.570193649,2.570193649,,
Belgium,BEL,Medium and high-tech Industry (including construction) (% manufacturing value added),NV.MNF.TECH.ZS.UN,,,,,,,,,,,,,,,,,,,,,,,,,,,,,,,13.36930253,13.62401697,13.94179541,13.44643671,14.08010039,40.46968836,41.81391962,41.47631543,41.66418646,43.37671879,43.92266575,44.15807989,44.00425598,43.17389121,42.7195169,43.69926819,45.14857369,42.25224194,43.38064272,42.6451233,35.04066117,37.58664162,48.05137834,50.7739204,49.7821467,49.42518841,49.95252792,49.8238638,49.52943647,,
Benin,BEN,Medium and high-tech Industry (including construction) (% manufacturing value added),NV.MNF.TECH.ZS.UN,,,,,,,,,,,,,,,,,,,,,,,,,,,,,,,,,,,,,,,,,,,,,,,,,,,,,,,,,,,,,
Burkina Faso,BFA,Medium and high-tech Industry (including construction) (% manufacturing value added),NV.MNF.TECH.ZS.UN,,,,,,,,,,,,,,,,,,,,,,,,,,,,,,,,,,,,,,,,,,,,,,,,,,,,,,,,,,,,,
Bangladesh,BGD,Medium and high-tech Industry (including construction) (% manufacturing value added),NV.MNF.TECH.ZS.UN,,,,,,,,,,,,,,,,,,,,,,,,,,,,,,,24.0267878,23.83461816,22.64132913,22.64132913,17.78913893,14.57767858,14.80174985,21.08197404,21.96663726,21.08197405,21.08197405,21.08197404,21.08197405,20.54532473,20.54532473,20.54532473,20.16940055,17.52962239,17.52962239,17.52962239,9.137404921,9.137555213,9.758135508,9.758135508,9.758135508,9.758135508,9.758135508,9.758135508,9.758135508,,
Bulgaria,BGR,Medium and high-tech Industry (including construction) (% manufacturing value added),NV.MNF.TECH.ZS.UN,,,,,,,,,,,,,,,,,,,,,,,,,,,,,,,30.70287357,29.93897838,29.05405024,26.41353346,24.15916454,25.39160427,39.23249245,32.96169973,33.55682201,30.67426401,30.38848921,30.52695336,32.51318102,29.67757694,25.40796964,26.95218161,27.46285879,27.32919255,29.25787047,27.85676672,24.69931804,24.77417933,29.29281889,32.05992509,31.41895142,28.4315339,28.64206378,30.16917912,30.32488447,,
Bahrain,BHR,Medium and high-tech Industry (including construction) (% manufacturing value added),NV.MNF.TECH.ZS.UN,,,,,,,,,,,,,,,,,,,,,,,,,,,,,,,14.33710767,14.33710767,14.33710767,14.33710764,14.33710773,14.33710772,14.33710769,14.33710767,14.33710763,14.33710769,12.55588178,18.66666667,18.15336463,21.45575642,21.81619256,23.80718954,25.7101782,23.54546233,28.24891356,28.25195073,25.38968343,25.54134995,24.55520137,25.25560426,26.22603191,25.31712737,28.05785688,24.63257199,24.63257195,,
"Bahamas, The",BHS,Medium and high-tech Industry (including construction) (% manufacturing value added),NV.MNF.TECH.ZS.UN,,,,,,,,,,,,,,,,,,,,,,,,,,,,,,,18.92745077,13.25637166,22.00897936,21.69425012,22.62489152,22.71362077,8.059563474,17.51083274,27.77351622,27.77351622,27.77351622,27.77351622,27.77351622,27.77351622,27.77351622,27.77351622,27.77351622,27.77351622,27.77351622,27.77351622,27.77351622,27.77351622,27.77351622,27.77351622,27.77351622,27.77351622,27.77351622,27.77351622,27.77351622,,
Bosnia and Herzegovina,BIH,Medium and high-tech Industry (including construction) (% manufacturing value added),NV.MNF.TECH.ZS.UN,,,,,,,,,,,,,,,,,,,,,,,,,,,,,,,27.77682446,29.1702548,29.1702548,29.1702548,29.1702548,29.1702548,29.1702548,29.1702548,29.1702548,29.1702548,29.1702548,16.13792074,16.13792074,16.13792074,16.13792074,16.13792074,16.13792074,16.13792074,16.13792074,16.13792074,16.13792074,17.1691471,19.26364795,17.6903824,17.92424645,18.474743,17.4061593,18.05961564,17.99301161,,
Belarus,BLR,Medium and high-tech Industry (including construction) (% manufacturing value added),NV.MNF.TECH.ZS.UN,,,,,,,,,,,,,,,,,,,,,,,,,,,,,,,41.99780531,41.99780531,41.99780531,41.99780531,41.99780531,41.99780531,41.99780531,41.99780531,41.99780531,41.99780531,41.99780531,41.99780531,41.99780531,41.99780531,41.99780531,41.99780531,41.99780528,41.99780524,41.99780526,36.83867869,39.98163545,47.13237042,43.2561194,36.45218029,37.98757926,41.04699977,38.8295984,40.0076118,40.00761181,,
Belize,BLZ,Medium and high-tech Industry (including construction) (% manufacturing value added),NV.MNF.TECH.ZS.UN,,,,,,,,,,,,,,,,,,,,,,,,,,,,,,,5.254268899,15.08249353,18.45981617,18.45981617,18.45981617,18.45981617,18.45981617,18.45981617,18.45981617,18.45981617,18.45981617,18.45981617,18.45981617,18.45981617,18.45981617,18.45981617,18.45981617,18.45981617,18.45981617,18.45981617,18.45981617,18.45981617,18.45981617,18.45981617,18.45981617,18.45981617,18.45981617,18.45981617,18.45981617,,
Bermuda,BMU,Medium and high-tech Industry (including construction) (% manufacturing value added),NV.MNF.TECH.ZS.UN,,,,,,,,,,,,,,,,,,,,,,,,,,,,,,,17.06777022,17.06777022,17.06777022,17.06777022,17.06777022,17.06777022,17.06777022,17.0677686,17.06776781,17.04929707,17.04929594,17.04929626,17.04929648,17.04929644,17.04929608,17.0492956,15.73005533,16.91662293,17.04929645,17.04929664,17.04929745,17.04929616,17.04929753,27.91671931,34.35390912,36.50372054,35.55822344,29.40691307,17.78679448,,
Bolivia,BOL,Medium and high-tech Industry (including construction) (% manufacturing value added),NV.MNF.TECH.ZS.UN,,,,,,,,,,,,,,,,,,,,,,,,,,,,,,,3.846680948,3.04285672,3.817985574,4.472737026,4.123101189,4.219694757,4.41174351,3.983168493,5.963615314,7.008634677,4.908527595,5.054196099,5.054197769,5.054197749,5.054197755,5.054197764,11.67377459,11.67377459,11.67377459,11.6737746,11.59004599,11.68475094,9.622301869,9.62230187,9.622301868,9.707813035,9.707813035,9.707813035,9.707813035,,
Brazil,BRA,Medium and high-tech Industry (including construction) (% manufacturing value added),NV.MNF.TECH.ZS.UN,,,,,,,,,,,,,,,,,,,,,,,,,,,,,,,49.37626922,49.37627093,47.8367762,49.57118103,49.79483176,51.0215583,37.07078956,37.79149447,36.70634154,35.75750154,35.02377645,35.78524647,35.04855306,33.76369632,35.00193128,33.58968032,33.94734036,35.72552508,36.60426196,34.841766,36.18698604,36.31545617,35.33036568,36.38883131,34.15466434,35.46219695,32.8730793,35.02151787,35.02151787,,
Barbados,BRB,Medium and high-tech Industry (including construction) (% manufacturing value added),NV.MNF.TECH.ZS.UN,,,,,,,,,,,,,,,,,,,,,,,,,,,,,,,19.1056141,31.70344226,37.9097638,39.89782629,37.81277359,36.62181363,38.11080525,38.11080297,38.11080297,38.11080297,38.11080297,38.11080297,38.11080297,38.11080297,38.11080297,38.11080297,38.11080297,38.11080297,38.11080297,38.11080297,38.11080297,38.11080297,38.11080297,38.11080297,38.11080297,38.11080297,38.11080297,38.11080297,38.11080297,,
Brunei Darussalam,BRN,Medium and high-tech Industry (including construction) (% manufacturing value added),NV.MNF.TECH.ZS.UN,,,,,,,,,,,,,,,,,,,,,,,,,,,,,,,3.319932444,3.319932444,3.319932444,3.319932444,3.319932444,3.319932444,3.319932444,3.319932444,3.319932444,3.319932444,3.319932444,3.319932444,3.319932444,3.319932444,3.319932444,3.319932444,3.319932444,3.319932444,3.319932444,3.319932444,3.319932444,3.319932433,3.319932456,3.319932456,3.319932456,3.319932456,3.319932456,3.319932456,3.319932456,,
Bhutan,BTN,Medium and high-tech Industry (including construction) (% manufacturing value added),NV.MNF.TECH.ZS.UN,,,,,,,,,,,,,,,,,,,,,,,,,,,,,,,,,,,,,,,,,,,,,,,,,,,,,,,,,,,,,
Botswana,BWA,Medium and high-tech Industry (including construction) (% manufacturing value added),NV.MNF.TECH.ZS.UN,,,,,,,,,,,,,,,,,,,,,,,,,,,,,,,9.363683431,7.095990329,7.095990279,3.744984396,7.297830375,10.5972087,10.5972087,21.58752007,21.58752007,21.58752007,1.240339926,1.240339926,77.68446962,77.68446962,77.68446962,7.156010721,7.156010721,7.156010721,8.043209049,8.275711602,9.68805025,5.893610903,5.900630122,5.895173384,5.852188051,5.809889271,5.763440368,5.787823476,7.761014977,,
Central African Republic,CAF,Medium and high-tech Industry (including construction) (% manufacturing value added),NV.MNF.TECH.ZS.UN,,,,,,,,,,,,,,,,,,,,,,,,,,,,,,,8.396946565,7.877136487,10.49788864,9.245991129,9.245991129,9.245991129,9.245991129,9.245991129,9.245991129,9.245991129,9.245991129,9.245991129,9.245991129,9.245991129,9.245991129,9.245991129,9.245991129,9.245991129,9.245991129,9.245991129,9.245991129,9.245991129,9.245991129,9.245991129,9.245991129,9.245991129,9.245991129,9.245991129,9.245991129,,
Canada,CAN,Medium and high-tech Industry (including construction) (% manufacturing value added),NV.MNF.TECH.ZS.UN,,,,,,,,,,,,,,,,,,,,,,,,,,,,,,,39.26068565,39.38068176,39.60387542,40.86216813,40.78435738,41.24717408,41.72750533,42.62054848,42.13293484,45.30290179,43.99976082,42.00708708,41.59413449,40.94256863,35.20866191,36.0634714,36.26660593,36.97505332,35.8361315,35.82586882,35.73278476,36.65360116,37.23868076,36.36328298,37.77402487,39.35261576,38.07137464,37.29825032,36.88226624,,
Central Europe and the Baltics,CEB,Medium and high-tech Industry (including construction) (% manufacturing value added),NV.MNF.TECH.ZS.UN,,,,,,,,,,,,,,,,,,,,,,,,,,,,,,,,,,,,,,,,,,,,,,,,,,,,,,,,,,,,,
Switzerland,CHE,Medium and high-tech Industry (including construction) (% manufacturing value added),NV.MNF.TECH.ZS.UN,,,,,,,,,,,,,,,,,,,,,,,,,,,,,,,38.55803695,36.78830176,35.84684019,36.25184008,35.63774003,34.20146648,34.90523105,54.54558038,55.55329149,55.49561156,55.64626377,52.04690917,59.0005203,57.14151915,57.17621158,62.1673393,63.69193406,65.49699453,63.97524499,60.9823631,61.3923273,60.92620206,62.71192472,62.66808902,63.08786541,63.64355756,63.40332866,65.12101929,64.56213167,,
Channel Islands,CHI,Medium and high-tech Industry (including construction) (% manufacturing value added),NV.MNF.TECH.ZS.UN,,,,,,,,,,,,,,,,,,,,,,,,,,,,,,,,,,,,,,,,,,,,,,,,,,,,,,,,,,,,,
Chile,CHL,Medium and high-tech Industry (including construction) (% manufacturing value added),NV.MNF.TECH.ZS.UN,,,,,,,,,,,,,,,,,,,,,,,,,,,,,,,15.05188012,15.38922619,16.40635323,16.96184498,16.24686686,21.98450477,24.89074465,25.66263282,23.14071575,24.97060975,26.3705781,26.85120755,30.10068533,37.88856077,37.50627337,16.11250339,14.3046111,11.23022563,19.42971743,17.22369,21.03335743,18.62327738,12.79755503,15.9619753,17.10749135,14.05653955,7.959039705,20.11674686,18.69710319,,
China,CHN,Medium and high-tech Industry (including construction) (% manufacturing value added),NV.MNF.TECH.ZS.UN,,,,,,,,,,,,,,,,,,,,,,,,,,,,,,,37.83865169,38.35344484,39.55085116,35.22563181,35.51990822,37.97840679,37.26247045,38.37397556,40.79017417,41.81707972,42.87727496,42.73418334,43.88126168,43.65374621,43.14194723,42.44488824,42.32898564,42.07008245,41.38309691,41.38309691,41.38309691,41.45126852,41.45126852,41.45126852,41.45126852,41.45126852,41.45126852,41.45126852,41.45126852,,
Cote d'Ivoire,CIV,Medium and high-tech Industry (including construction) (% manufacturing value added),NV.MNF.TECH.ZS.UN,,,,,,,,,,,,,,,,,,,,,,,,,,,,,,,13.6992105,13.6992105,13.6992105,13.6992105,13.6992105,14.5179833,15.68590623,14.98979586,14.98979586,14.98979586,14.98979586,14.98979586,14.98979586,14.98979586,14.98979586,14.98979586,14.98979586,14.98979586,14.98979586,14.98979586,14.98979586,14.98979586,14.98979586,14.98979586,14.98979586,14.98979586,14.98979586,14.98979586,14.98979586,,
Cameroon,CMR,Medium and high-tech Industry (including construction) (% manufacturing value added),NV.MNF.TECH.ZS.UN,,,,,,,,,,,,,,,,,,,,,,,,,,,,,,,5.955785232,6.786341498,8.229970021,7.481870711,3.950153742,5.021580459,5.338532177,6.812012439,8.889445711,5.520836333,1.819030516,3.329144589,11.00889752,10.5428645,10.5428645,10.5428645,7.902332576,7.902332576,7.611958329,7.611958329,7.611958329,7.611958329,7.611958329,7.611958329,7.611958329,7.611958329,7.611958329,7.611958329,7.611958329,,
"Congo, Dem. Rep.",COD,Medium and high-tech Industry (including construction) (% manufacturing value added),NV.MNF.TECH.ZS.UN,,,,,,,,,,,,,,,,,,,,,,,,,,,,,,,,,,,,,,,,,,,,,,,,,,,,,,,,,,,,,
"Congo, Rep.",COG,Medium and high-tech Industry (including construction) (% manufacturing value added),NV.MNF.TECH.ZS.UN,,,,,,,,,,,,,,,,,,,,,,,,,,,,,,,10.39896588,10.39896588,10.39896588,10.39896588,10.39896588,10.39896588,10.39896588,10.39896588,10.39896588,10.39896588,10.39896588,11.88950468,13.14111878,13.14111878,13.14111878,13.14111878,2.415318415,2.415318415,2.415318415,2.415318415,2.415318415,2.415318415,2.415318415,2.415318415,2.415318415,2.415318415,2.415318415,2.415318415,2.415318415,,
Colombia,COL,Medium and high-tech Industry (including construction) (% manufacturing value added),NV.MNF.TECH.ZS.UN,,,,,,,,,,,,,,,,,,,,,,,,,,,,,,,24.3056652,25.99392074,24.48805238,27.45795937,24.50630774,24.91915208,23.22300473,24.99775064,24.19120404,22.79298483,21.93699857,22.18870719,22.10519216,21.42242926,20.80503464,20.91565163,20.24995804,19.91097722,20.02123423,20.98485674,25.05786579,21.05932153,21.40141139,20.75538221,20.7234087,22.54245209,23.33489404,23.26736761,23.26736761,,
Comoros,COM,Medium and high-tech Industry (including construction) (% manufacturing value added),NV.MNF.TECH.ZS.UN,,,,,,,,,,,,,,,,,,,,,,,,,,,,,,,,,,,,,,,,,,,,,,,,,,,,,,,,,,,,,
Cabo Verde,CPV,Medium and high-tech Industry (including construction) (% manufacturing value added),NV.MNF.TECH.ZS.UN,,,,,,,,,,,,,,,,,,,,,,,,,,,,,,,30.6,30.6,30.6,30.6,30.6,30.6,30.6,30.6,30.6,30.6,30.6,30.6,30.6,30.6,30.6,27.1,27.1,27.1,27.1,27.1,27.1,27.1,27.1,27.1,27.1,27.1,27.1,27.1,27.1,,
Costa Rica,CRI,Medium and high-tech Industry (including construction) (% manufacturing value added),NV.MNF.TECH.ZS.UN,,,,,,,,,,,,,,,,,,,,,,,,,,,,,,,15.18212926,17.51494893,18.47566796,18.38525773,18.57839557,17.83366985,17.83052687,17.82328865,17.65562467,18.33432931,18.76087713,16.71188597,17.18671592,16.74847454,16.79955168,16.71308862,19.72535157,19.10121531,17.92027724,16.23768773,14.57660681,14.52757304,22.85307883,23.118349,21.4368585,17.31424569,15.85004722,15.55504858,15.55504858,,
Caribbean small states,CSS,Medium and high-tech Industry (including construction) (% manufacturing value added),NV.MNF.TECH.ZS.UN,,,,,,,,,,,,,,,,,,,,,,,,,,,,,,,,,,,,,,,,,,,,,,,,,,,,,,,,,,,,,
Cuba,CUB,Medium and high-tech Industry (including construction) (% manufacturing value added),NV.MNF.TECH.ZS.UN,,,,,,,,,,,,,,,,,,,,,,,,,,,,,,,16.22284765,16.22284765,16.22284765,16.22284765,16.22284765,16.22284765,16.22284765,16.22284765,16.22284765,16.22284765,16.22284765,16.22284765,16.22284765,16.22284765,16.22284765,16.22284765,16.22284765,16.22284765,16.22284768,16.22284768,16.22284768,16.22284768,16.22284768,16.22284768,16.22284768,16.22284768,16.22284768,16.22284768,16.22284768,,
Curacao,CUW,Medium and high-tech Industry (including construction) (% manufacturing value added),NV.MNF.TECH.ZS.UN,,,,,,,,,,,,,,,,,,,,,,,,,,,,,,,,,,,,,,,,,,,,,,,,,,,,,,,,,,,,,
Cayman Islands,CYM,Medium and high-tech Industry (including construction) (% manufacturing value added),NV.MNF.TECH.ZS.UN,,,,,,,,,,,,,,,,,,,,,,,,,,,,,,,,,,,,,,,,,,,,,,,,,,,,,,,,,,,,,
Cyprus,CYP,Medium and high-tech Industry (including construction) (% manufacturing value added),NV.MNF.TECH.ZS.UN,,,,,,,,,,,,,,,,,,,,,,,,,,,,,,,9.513585379,9.891565654,9.721341027,10.60251528,11.12260465,10.42689791,9.990731045,10.13979568,10.38314408,10.82184262,11.87862939,12.03563158,11.77196451,10.9183203,10.81698453,4.830332463,5.531969539,6.015097143,12.9172051,13.18674694,15.01310611,16.14521298,18.70148866,22.46088684,25.51460996,29.26123182,28.58343484,33.19446815,26.54527988,,
Czech Republic,CZE,Medium and high-tech Industry (including construction) (% manufacturing value added),NV.MNF.TECH.ZS.UN,,,,,,,,,,,,,,,,,,,,,,,,,,,,,,,30.0828827,30.0828827,30.0828827,30.0828827,30.0828827,30.0828827,35.05894805,36.95697005,35.59156237,37.04824908,39.12059605,39.91377755,39.50496289,40.27957289,40.64537392,41.04963204,44.49276624,44.61216404,40.98757239,41.36431166,45.01908395,45.7439278,46.74085021,47.36052225,48.28850069,52.47851859,52.12160461,52.95050096,52.81617063,,
Germany,DEU,Medium and high-tech Industry (including construction) (% manufacturing value added),NV.MNF.TECH.ZS.UN,,,,,,,,,,,,,,,,,,,,,,,,,,,,,,,51.72300085,51.72300085,51.45352174,50.38924261,51.41963354,49.83697571,50.66331706,51.5582985,56.33863606,52.42689361,54.53044874,55.0283764,55.65483915,56.77869595,56.45101659,57.12254012,57.7265189,58.62157554,60.26068943,57.99792866,59.56595905,60.77697963,60.93877418,61.02319266,62.20093578,62.21252027,62.45299216,62.52967916,61.69868575,,
Djibouti,DJI,Medium and high-tech Industry (including construction) (% manufacturing value added),NV.MNF.TECH.ZS.UN,,,,,,,,,,,,,,,,,,,,,,,,,,,,,,,,,,,,,,,,,,,,,,,,,,,,,,,,,,,,,
Dominica,DMA,Medium and high-tech Industry (including construction) (% manufacturing value added),NV.MNF.TECH.ZS.UN,,,,,,,,,,,,,,,,,,,,,,,,,,,,,,,,,,,,,,,,,,,,,,,,,,,,,,,,,,,,,
Denmark,DNK,Medium and high-tech Industry (including construction) (% manufacturing value added),NV.MNF.TECH.ZS.UN,,,,,,,,,,,,,,,,,,,,,,,,,,,,,,,38.11789678,37.31433306,40.67663394,39.65905437,39.5522656,39.13762764,37.82072138,40.72751922,40.01819634,39.93162058,40.8173634,42.21789524,41.1899443,41.67593459,40.95737985,41.89391673,43.90045252,44.35273133,44.57230944,47.64900195,49.89216512,52.04934734,52.48726836,53.21439226,53.83649854,54.12692037,55.34719087,55.33554422,55.33591244,,
Dominican Republic,DOM,Medium and high-tech Industry (including construction) (% manufacturing value added),NV.MNF.TECH.ZS.UN,,,,,,,,,,,,,,,,,,,,,,,,,,,,,,,,,,,,,,,,,,,,,,,,,,,,,,,,,,,,,
Algeria,DZA,Medium and high-tech Industry (including construction) (% manufacturing value added),NV.MNF.TECH.ZS.UN,,,,,,,,,,,,,,,,,,,,,,,,,,,,,,,10.22642798,12.5028255,9.65733728,10.28409933,10.6921992,10.46012128,11.27832542,11.27832542,11.27832542,11.27832542,11.27832542,11.27832542,14.36848705,14.36848705,14.36848705,14.36848705,14.36848705,14.36848705,15.15203105,10.84890947,9.661527889,1.270871449,1.387660312,1.564303872,1.659026223,2.693262231,2.693262231,2.693262231,2.693262231,,
East Asia & Pacific (excluding high income),EAP,Medium and high-tech Industry (including construction) (% manufacturing value added),NV.MNF.TECH.ZS.UN,,,,,,,,,,,,,,,,,,,,,,,,,,,,,,,,,,,,,,,,,,,,,,,,,,,,,,,,,,,,,
Early-demographic dividend,EAR,Medium and high-tech Industry (including construction) (% manufacturing value added),NV.MNF.TECH.ZS.UN,,,,,,,,,,,,,,,,,,,,,,,,,,,,,,,,,,,,,,,,,,,,,,,,,,,,,,,,,,,,,
East Asia & Pacific,EAS,Medium and high-tech Industry (including construction) (% manufacturing value added),NV.MNF.TECH.ZS.UN,,,,,,,,,,,,,,,,,,,,,,,,,,,,,,,,,,,,,,,,,,,,,,,,,,,,,,,,,,,,,
Europe & Central Asia (excluding high income),ECA,Medium and high-tech Industry (including construction) (% manufacturing value added),NV.MNF.TECH.ZS.UN,,,,,,,,,,,,,,,,,,,,,,,,,,,,,,,,,,,,,,,,,,,,,,,,,,,,,,,,,,,,,
Europe & Central Asia,ECS,Medium and high-tech Industry (including construction) (% manufacturing value added),NV.MNF.TECH.ZS.UN,,,,,,,,,,,,,,,,,,,,,,,,,,,,,,,,,,,,,,,,,,,,,,,,,,,,,,,,,,,,,
Ecuador,ECU,Medium and high-tech Industry (including construction) (% manufacturing value added),NV.MNF.TECH.ZS.UN,,,,,,,,,,,,,,,,,,,,,,,,,,,,,,,12.76322689,13.63600067,10.24654885,13.33544313,34.60166504,8.127705039,10.94688489,8.743563031,5.913325565,6.765997496,11.92454823,8.353636322,11.82455324,7.581521739,6.30952866,8.516442185,9.19361539,6.430353557,8.147497583,8.095222067,10.56338554,14.27031719,8.321956307,10.2282983,10.26422844,12.21381608,13.78009504,15.57652449,14.39895209,,
"Egypt, Arab Rep.",EGY,Medium and high-tech Industry (including construction) (% manufacturing value added),NV.MNF.TECH.ZS.UN,,,,,,,,,,,,,,,,,,,,,,,,,,,,,,,23.37924365,22.29430564,16.84273166,18.74951444,27.45776048,25.12647128,28.39352069,30.99621977,36.82141821,36.22612941,36.19139419,32.1834255,32.48629038,32.1834255,27.3597461,28.96718976,25.74639594,25.70696969,25.70696969,24.25810713,23.8449714,21.32083979,20.76416889,18.08768756,14.02758655,18.48591267,20.04176277,20.94090361,20.94090361,,
Euro area,EMU,Medium and high-tech Industry (including construction) (% manufacturing value added),NV.MNF.TECH.ZS.UN,,,,,,,,,,,,,,,,,,,,,,,,,,,,,,,,,,,,,,,,,,,,,,,,,,,,,,,,,,,,,
Eritrea,ERI,Medium and high-tech Industry (including construction) (% manufacturing value added),NV.MNF.TECH.ZS.UN,,,,,,,,,,,,,,,,,,,,,,,,,,,,,,,19.91830391,19.91830391,19.91830391,19.72142059,21.20408828,19.72148779,13.59594414,5.065884814,7.665984759,11.88840577,8.693675425,9.48639242,11.31712446,10.86387091,9.636325232,9.848141543,14.32428607,6.637495257,11.95617344,7.046480511,6.05812669,7.16088046,8.94986669,7.469349252,7.582704992,5.310413534,4.305362226,4.627995699,4.627993665,,
Spain,ESP,Medium and high-tech Industry (including construction) (% manufacturing value added),NV.MNF.TECH.ZS.UN,,,,,,,,,,,,,,,,,,,,,,,,,,,,,,,35.87361103,36.1971204,36.13061373,34.80928751,35.65533852,35.2789259,36.07771214,35.97895897,35.49896351,34.97751646,34.11926369,33.80614993,33.0074838,33.17105726,32.40042429,31.22953786,31.79132076,32.50898964,34.32717107,36.3192109,37.80529041,37.64876845,38.80199291,39.64611993,41.80080943,41.1839733,41.18249309,40.8825585,39.78950025,,
Estonia,EST,Medium and high-tech Industry (including construction) (% manufacturing value added),NV.MNF.TECH.ZS.UN,,,,,,,,,,,,,,,,,,,,,,,,,,,,,,,16.8591665,16.8591665,16.8591665,17.82930006,16.92511381,17.25946797,19.62545727,19.98157812,19.9815785,19.98157821,21.84727396,16.62318877,15.70572308,20.15503881,19.9987184,22.44739828,19.36483604,23.15636073,29.34254739,26.35816682,28.35623977,32.50476254,28.44415807,28.87989032,29.22156931,29.90457862,28.33089565,27.93055542,27.68114547,,
Ethiopia,ETH,Medium and high-tech Industry (including construction) (% manufacturing value added),NV.MNF.TECH.ZS.UN,,,,,,,,,,,,,,,,,,,,,,,,,,,,,,,3.504284879,3.17931797,3.64900443,6.258357814,6.383646781,6.119408598,5.793567167,6.197744314,8.282710024,8.073085931,11.73575653,8.890725761,7.296367241,6.59954771,7.963419526,6.259276001,6.863417394,9.637343152,7.726733021,9.409363298,10.92179277,10.40787639,11.42379931,16.7045682,16.07359294,16.07359294,16.07359294,16.07359294,16.07359294,,
European Union,EUU,Medium and high-tech Industry (including construction) (% manufacturing value added),NV.MNF.TECH.ZS.UN,,,,,,,,,,,,,,,,,,,,,,,,,,,,,,,,,,,,,,,,,,,,,,,,,,,,,,,,,,,,,
Fragile and conflict affected situations,FCS,Medium and high-tech Industry (including construction) (% manufacturing value added),NV.MNF.TECH.ZS.UN,,,,,,,,,,,,,,,,,,,,,,,,,,,,,,,,,,,,,,,,,,,,,,,,,,,,,,,,,,,,,
Finland,FIN,Medium and high-tech Industry (including construction) (% manufacturing value added),NV.MNF.TECH.ZS.UN,,,,,,,,,,,,,,,,,,,,,,,,,,,,,,,33.41152518,34.8366713,36.66392472,36.7702486,37.08808743,37.49928942,40.89744684,41.11208144,42.91161435,44.29387719,44.63412212,48.29278807,47.17518068,48.91318093,45.31387903,46.82589788,45.78717235,50.00055848,50.69248443,45.23525634,47.42973973,39.7606004,36.61071853,38.31493769,45.45052574,41.2750841,47.48420303,46.02736786,46.03450344,,
Fiji,FJI,Medium and high-tech Industry (including construction) (% manufacturing value added),NV.MNF.TECH.ZS.UN,,,,,,,,,,,,,,,,,,,,,,,,,,,,,,,7.014750132,8.657143365,7.608589036,8.241098767,5.67564345,6.13292933,6.132929583,6.13292931,8.190507051,8.20017246,8.541781794,5.82530017,7.233394967,7.068500103,7.06633493,7.975074217,7.449337311,7.040881142,6.75616049,7.65963491,7.871138159,7.685595286,7.792131719,7.18514458,7.12994704,7.059791425,7.107270158,7.107341263,7.107341243,,
France,FRA,Medium and high-tech Industry (including construction) (% manufacturing value added),NV.MNF.TECH.ZS.UN,,,,,,,,,,,,,,,,,,,,,,,,,,,,,,,52.54644827,53.40067889,53.84531254,53.43134973,54.22809701,53.5840018,44.56765396,45.49731678,46.01422808,45.88071944,46.29794118,46.35381947,45.68928383,46.61202538,45.36955857,46.12338211,46.42791785,47.37489958,47.23638655,47.12350081,47.96283271,48.00076563,48.95966186,49.50072225,51.87187966,52.17690276,51.13595935,50.77877761,49.47041507,,
Faroe Islands,FRO,Medium and high-tech Industry (including construction) (% manufacturing value added),NV.MNF.TECH.ZS.UN,,,,,,,,,,,,,,,,,,,,,,,,,,,,,,,,,,,,,,,,,,,,,,,,,,,,,,,,,,,,,
"Micronesia, Fed. Sts.",FSM,Medium and high-tech Industry (including construction) (% manufacturing value added),NV.MNF.TECH.ZS.UN,,,,,,,,,,,,,,,,,,,,,,,,,,,,,,,,,,,,,,,,,,,,,,,,,,,,,,,,,,,,,
Gabon,GAB,Medium and high-tech Industry (including construction) (% manufacturing value added),NV.MNF.TECH.ZS.UN,,,,,,,,,,,,,,,,,,,,,,,,,,,,,,,8.026549104,8.026549104,8.727234446,6.870265453,7.294515512,5.385013366,5.385013366,5.385013366,5.385013366,5.385013366,5.385013366,5.385013366,5.385013366,5.385013366,5.385013366,5.385013366,5.385013366,5.385013366,5.385013366,5.385013366,5.385013366,5.385013366,5.385013366,5.385013366,5.385013366,5.385013366,5.385013366,5.385013366,5.385013366,,
United Kingdom,GBR,Medium and high-tech Industry (including construction) (% manufacturing value added),NV.MNF.TECH.ZS.UN,,,,,,,,,,,,,,,,,,,,,,,,,,,,,,,44.75730195,44.44315646,44.35338125,43.7317683,43.66386474,43.37045955,43.63176362,43.31929893,43.67757795,44.46252819,43.46395628,42.24308551,42.66688123,41.97365341,42.18137623,42.38363257,43.80751702,43.4567313,44.89423871,47.8220363,49.73801035,49.53883351,49.23040459,50.52847048,50.17827443,48.32148858,46.6602712,44.42704917,44.42704917,,
Georgia,GEO,Medium and high-tech Industry (including construction) (% manufacturing value added),NV.MNF.TECH.ZS.UN,,,,,,,,,,,,,,,,,,,,,,,,,,,,,,,14.43946362,14.43946362,14.43946362,14.43946362,14.43946362,14.43946362,14.43946362,14.43946362,14.43946362,13.62229918,21.38611681,17.24618906,15.04397777,17.12286513,16.02993415,18.58321306,20.65111017,15.73468023,15.37850392,21.60198047,17.17803741,21.79951471,17.84842524,18.61477332,14.7020778,14.72759805,12.13619255,13.42488244,13.42838521,,
Ghana,GHA,Medium and high-tech Industry (including construction) (% manufacturing value added),NV.MNF.TECH.ZS.UN,,,,,,,,,,,,,,,,,,,,,,,,,,,,,,,12.92231238,12.92231238,12.92231238,12.92231238,1.768458731,1.76845852,1.768458122,1.768458369,1.768458178,1.76845807,1.768458218,1.768458075,1.768458166,0.802477569,0.667321427,0.667035216,0.666758815,0.666644673,0.666480475,4.345061984,4.345061979,4.345061975,4.345061974,10.84104172,10.84104172,10.84104172,10.84104172,10.84104172,10.84104172,,
Gibraltar,GIB,Medium and high-tech Industry (including construction) (% manufacturing value added),NV.MNF.TECH.ZS.UN,,,,,,,,,,,,,,,,,,,,,,,,,,,,,,,,,,,,,,,,,,,,,,,,,,,,,,,,,,,,,
Guinea,GIN,Medium and high-tech Industry (including construction) (% manufacturing value added),NV.MNF.TECH.ZS.UN,,,,,,,,,,,,,,,,,,,,,,,,,,,,,,,,,,,,,,,,,,,,,,,,,,,,,,,,,,,,,
"Gambia, The",GMB,Medium and high-tech Industry (including construction) (% manufacturing value added),NV.MNF.TECH.ZS.UN,,,,,,,,,,,,,,,,,,,,,,,,,,,,,,,9.629327533,9.629327533,9.629327533,9.629327533,9.629327533,9.629327533,0.787339615,0.787338625,0.787338592,0.787338966,0.787338917,0.787339114,0.787339134,0.787338887,3.898408805,3.898408805,3.898408805,3.898408805,3.898408805,3.898408805,3.898408805,3.898408805,3.898408805,3.898408805,3.898408805,3.898408805,3.898408805,3.898408805,3.898408805,,
Guinea-Bissau,GNB,Medium and high-tech Industry (including construction) (% manufacturing value added),NV.MNF.TECH.ZS.UN,,,,,,,,,,,,,,,,,,,,,,,,,,,,,,,,,,,,,,,,,,,,,,,,,,,,,,,,,,,,,
Equatorial Guinea,GNQ,Medium and high-tech Industry (including construction) (% manufacturing value added),NV.MNF.TECH.ZS.UN,,,,,,,,,,,,,,,,,,,,,,,,,,,,,,,,,,,,,,,,,,,,,,,,,,,,,,,,,,,,,
Greece,GRC,Medium and high-tech Industry (including construction) (% manufacturing value added),NV.MNF.TECH.ZS.UN,,,,,,,,,,,,,,,,,,,,,,,,,,,,,,,21.79535323,22.68076222,21.22506363,26.18099513,26.71902234,25.1558865,26.61509702,25.07805169,26.06517942,24.12418627,24.12418625,20.44894548,20.44894547,21.76110236,20.84156541,18.898388,20.49629387,21.9584166,24.05830675,23.25456277,17.95038135,21.58102949,22.0398367,25.44638084,24.81987688,22.9970485,21.76160814,21.20265178,19.65246651,,
Grenada,GRD,Medium and high-tech Industry (including construction) (% manufacturing value added),NV.MNF.TECH.ZS.UN,,,,,,,,,,,,,,,,,,,,,,,,,,,,,,,,,,,,,,,,,,,,,,,,,,,,,,,,,,,,,
Greenland,GRL,Medium and high-tech Industry (including construction) (% manufacturing value added),NV.MNF.TECH.ZS.UN,,,,,,,,,,,,,,,,,,,,,,,,,,,,,,,,,,,,,,,,,,,,,,,,,,,,,,,,,,,,,
Guatemala,GTM,Medium and high-tech Industry (including construction) (% manufacturing value added),NV.MNF.TECH.ZS.UN,,,,,,,,,,,,,,,,,,,,,,,,,,,,,,,21.89560782,21.89560709,21.98075883,21.80497481,22.26133537,22.92650395,22.92650394,22.43331494,22.40264457,22.40264457,22.40264457,22.40264457,22.40264457,22.40264457,22.40264457,22.40264457,22.40264457,22.40264457,22.40264457,22.40264457,22.40264457,22.40264457,22.40264457,22.40264457,22.40264457,22.40264457,22.40264457,22.40264457,22.40264457,,
Guam,GUM,Medium and high-tech Industry (including construction) (% manufacturing value added),NV.MNF.TECH.ZS.UN,,,,,,,,,,,,,,,,,,,,,,,,,,,,,,,,,,,,,,,,,,,,,,,,,,,,,,,,,,,,,
Guyana,GUY,Medium and high-tech Industry (including construction) (% manufacturing value added),NV.MNF.TECH.ZS.UN,,,,,,,,,,,,,,,,,,,,,,,,,,,,,,,,,,,,,,,,,,,,,,,,,,,,,,,,,,,,,
High income,HIC,Medium and high-tech Industry (including construction) (% manufacturing value added),NV.MNF.TECH.ZS.UN,,,,,,,,,,,,,,,,,,,,,,,,,,,,,,,,,,,,,,,,,,,,,,,,,,,,,,,,,,,,,
"Hong Kong SAR, China",HKG,Medium and high-tech Industry (including construction) (% manufacturing value added),NV.MNF.TECH.ZS.UN,,,,,,,,,,,,,,,,,,,,,,,,,,,,,,,27.55542298,27.68563436,28.17354097,28.60537476,31.2812273,33.38595753,32.30213418,32.64364672,34.17691146,35.11639576,39.49650911,36.60623312,29.99775424,26.31297465,27.12985762,29.5655831,33.07866924,29.84322825,32.68206039,32.57804476,38.07385372,36.10794483,34.12696152,33.92988201,36.05513391,36.6098931,37.37518685,38.46775824,38.46553665,,
Honduras,HND,Medium and high-tech Industry (including construction) (% manufacturing value added),NV.MNF.TECH.ZS.UN,,,,,,,,,,,,,,,,,,,,,,,,,,,,,,,8.780224731,8.263110198,7.068816264,6.649884543,6.750600984,7.190726234,7.163458027,7.163458027,7.163458027,7.163458027,7.163458027,7.163458027,7.163458027,7.163458027,7.163458027,7.163458027,7.163458027,7.163458027,7.163458027,7.163458027,7.163458027,7.163458027,7.163458027,7.163458027,7.163458027,7.163458027,7.163458027,7.163458027,7.163458027,,
Heavily indebted poor countries (HIPC),HPC,Medium and high-tech Industry (including construction) (% manufacturing value added),NV.MNF.TECH.ZS.UN,,,,,,,,,,,,,,,,,,,,,,,,,,,,,,,,,,,,,,,,,,,,,,,,,,,,,,,,,,,,,
Croatia,HRV,Medium and high-tech Industry (including construction) (% manufacturing value added),NV.MNF.TECH.ZS.UN,,,,,,,,,,,,,,,,,,,,,,,,,,,,,,,27.88498642,34.83271267,31.77406397,31.77406497,31.77406497,31.77406497,31.77406497,10.89661542,10.89661542,10.89661542,10.89661542,10.89661542,10.89661541,7.243513146,7.243513144,7.243513146,7.243513144,7.243513146,33.66351449,33.66583564,37.55480252,34.48952744,33.77987517,32.36098277,32.38522059,34.21234999,29.79620677,29.93796965,27.27296684,,
Haiti,HTI,Medium and high-tech Industry (including construction) (% manufacturing value added),NV.MNF.TECH.ZS.UN,,,,,,,,,,,,,,,,,,,,,,,,,,,,,,,13.63885652,11.51366288,11.27682794,10.51800691,9.807302992,5.008265705,4.481739461,5.259656507,5.259656507,5.259656507,5.259656507,5.259656507,5.259656507,5.259656507,5.259656507,5.259656507,5.259656507,5.259656507,5.259656507,5.259656507,5.259656507,5.259656507,5.259656507,5.259656507,5.259656507,5.259656507,5.259656507,5.259656507,5.259656507,,
Hungary,HUN,Medium and high-tech Industry (including construction) (% manufacturing value added),NV.MNF.TECH.ZS.UN,,,,,,,,,,,,,,,,,,,,,,,,,,,,,,,42.16197076,36.45271261,27.20827175,26.84638841,29.88887447,29.83131259,31.98230729,36.06035445,45.67426956,47.67844135,48.1660283,46.01873531,45.58464585,50.29069615,51.99513175,53.16003106,53.45641284,52.49100899,51.98643839,54.33753992,56.13100487,57.75172776,57.03004165,57.8999182,59.06493499,59.98868551,56.88888535,57.88509236,57.4301571,,
IBRD only,IBD,Medium and high-tech Industry (including construction) (% manufacturing value added),NV.MNF.TECH.ZS.UN,,,,,,,,,,,,,,,,,,,,,,,,,,,,,,,,,,,,,,,,,,,,,,,,,,,,,,,,,,,,,
IDA & IBRD total,IBT,Medium and high-tech Industry (including construction) (% manufacturing value added),NV.MNF.TECH.ZS.UN,,,,,,,,,,,,,,,,,,,,,,,,,,,,,,,,,,,,,,,,,,,,,,,,,,,,,,,,,,,,,
IDA total,IDA,Medium and high-tech Industry (including construction) (% manufacturing value added),NV.MNF.TECH.ZS.UN,,,,,,,,,,,,,,,,,,,,,,,,,,,,,,,,,,,,,,,,,,,,,,,,,,,,,,,,,,,,,
IDA blend,IDB,Medium and high-tech Industry (including construction) (% manufacturing value added),NV.MNF.TECH.ZS.UN,,,,,,,,,,,,,,,,,,,,,,,,,,,,,,,,,,,,,,,,,,,,,,,,,,,,,,,,,,,,,
Indonesia,IDN,Medium and high-tech Industry (including construction) (% manufacturing value added),NV.MNF.TECH.ZS.UN,,,,,,,,,,,,,,,,,,,,,,,,,,,,,,,20.80826344,22.96775849,23.2023398,22.74990275,25.92929096,27.56391666,29.4693589,29.46935889,30.35953448,29.43538918,35.70278223,27.91665163,28.01009872,31.45836768,30.72296168,34.25211847,32.49633581,34.11547816,39.49467257,39.02747703,38.7622084,38.48526539,37.46091012,35.58140015,34.31104192,35.34548487,35.34549033,35.34549033,35.34549033,,
IDA only,IDX,Medium and high-tech Industry (including construction) (% manufacturing value added),NV.MNF.TECH.ZS.UN,,,,,,,,,,,,,,,,,,,,,,,,,,,,,,,,,,,,,,,,,,,,,,,,,,,,,,,,,,,,,
Isle of Man,IMN,Medium and high-tech Industry (including construction) (% manufacturing value added),NV.MNF.TECH.ZS.UN,,,,,,,,,,,,,,,,,,,,,,,,,,,,,,,,,,,,,,,,,,,,,,,,,,,,,,,,,,,,,
India,IND,Medium and high-tech Industry (including construction) (% manufacturing value added),NV.MNF.TECH.ZS.UN,,,,,,,,,,,,,,,,,,,,,,,,,,,,,,,40.00509909,42.6317095,44.5599358,40.52114621,41.80151293,46.21709198,44.45956303,42.75187786,44.45157393,43.80130123,41.32952762,42.29982985,39.68267194,39.42254889,37.54590115,39.60613572,36.49573317,34.63943332,38.52591763,40.56228797,39.21139666,41.13945987,40.21241599,38.20723031,38.86352402,42.88352321,41.54330928,41.46779515,41.46779515,,
Not classified,INX,Medium and high-tech Industry (including construction) (% manufacturing value added),NV.MNF.TECH.ZS.UN,,,,,,,,,,,,,,,,,,,,,,,,,,,,,,,,,,,,,,,,,,,,,,,,,,,,,,,,,,,,,
Ireland,IRL,Medium and high-tech Industry (including construction) (% manufacturing value added),NV.MNF.TECH.ZS.UN,,,,,,,,,,,,,,,,,,,,,,,,,,,,,,,49.76193956,43.61097639,44.70193651,45.4017873,46.30448845,54.23993074,53.74163864,57.98072095,61.121146,63.2505709,64.72089339,64.71962129,65.46481051,62.16314597,57.97770311,59.65158829,58.30995384,60.98081483,58.33656025,63.06787645,61.72130959,60.13921953,61.09274415,55.93820522,55.24265479,54.35662996,54.32614337,54.51784771,54.51147319,,
"Iran, Islamic Rep.",IRN,Medium and high-tech Industry (including construction) (% manufacturing value added),NV.MNF.TECH.ZS.UN,,,,,,,,,,,,,,,,,,,,,,,,,,,,,,,27.85283474,32.60576058,27.30788633,29.79447572,31.15871637,35.49149774,35.13703173,37.36337577,33.61767414,33.69491606,41.54968627,45.48450063,42.70093041,44.40346317,42.74189892,41.77043039,43.1628768,41.49328664,41.22368361,47.35395728,45.6752686,44.16293195,40.86393658,39.84994231,45.47126215,46.26195314,44.9365446,44.71041714,44.71041714,,
Iraq,IRQ,Medium and high-tech Industry (including construction) (% manufacturing value added),NV.MNF.TECH.ZS.UN,,,,,,,,,,,,,,,,,,,,,,,,,,,,,,,15.67991997,15.67991997,18.41674938,2.511837166,15.15152827,22.67203702,12.55910407,24.68330854,3.856279683,3.856279683,1.518361303,1.518361303,1.518361303,1.518361303,1.518361303,1.518361303,1.518361303,9.018689748,7.703490039,7.248564115,6.808439483,7.099515685,4.008139399,8.834973536,7.793545223,3.469145334,5.471909325,10.32938449,10.29442934,,
Iceland,ISL,Medium and high-tech Industry (including construction) (% manufacturing value added),NV.MNF.TECH.ZS.UN,,,,,,,,,,,,,,,,,,,,,,,,,,,,,,,6.081120627,6.112956811,6.831838605,6.413483638,4.955564615,5.275207014,5.532864097,16.64331676,16.41599266,16.54422288,16.6287042,15.44028738,16.67876229,18.46192217,20.6772301,18.95225034,16.56649065,16.56738998,16.56738998,16.56738998,16.56738998,14.50820185,14.50820185,14.50820185,14.50820185,15.0472275,16.28490828,7.32236594,11.30913195,,
Israel,ISR,Medium and high-tech Industry (including construction) (% manufacturing value added),NV.MNF.TECH.ZS.UN,,,,,,,,,,,,,,,,,,,,,,,,,,,,,,,41.83047879,41.89995228,43.96574691,44.50874742,43.29899924,45.04341261,47.20723122,48.47353814,50.64672526,52.41829051,57.65880615,49.68640834,49.25904404,50.27228064,53.95334801,54.4424147,57.78255245,59.19658174,59.48152362,60.9530933,61.97084492,37.69143873,42.92299707,41.26314441,42.67933356,39.67539821,39.60184341,39.30250784,39.30250784,,
Italy,ITA,Medium and high-tech Industry (including construction) (% manufacturing value added),NV.MNF.TECH.ZS.UN,,,,,,,,,,,,,,,,,,,,,,,,,,,,,,,42.49934985,41.13625051,42.88506599,41.99868184,41.62420046,38.49358437,38.67330107,38.9677014,37.4498346,37.50113245,38.1431754,37.56785713,37.30764236,37.27426372,37.09292898,37.98890431,38.76653024,38.39060586,40.13536229,41.07107254,42.70421693,42.4628359,43.13507798,43.79211741,43.68565699,43.77197438,43.9492567,44.79074905,43.7422432,,
Jamaica,JAM,Medium and high-tech Industry (including construction) (% manufacturing value added),NV.MNF.TECH.ZS.UN,,,,,,,,,,,,,,,,,,,,,,,,,,,,,,,28.86118976,27.83093187,24.09919697,22.68687567,20.99314061,1.940012698,18.7673031,18.7673031,18.7673031,18.7673031,18.7673031,18.7673031,18.7673031,18.7673031,18.7673031,18.7673031,18.7673031,18.7673031,18.7673031,18.7673031,18.7673031,18.7673031,18.7673031,18.7673031,18.7673031,18.7673031,18.7673031,18.7673031,18.7673031,,
Jordan,JOR,Medium and high-tech Industry (including construction) (% manufacturing value added),NV.MNF.TECH.ZS.UN,,,,,,,,,,,,,,,,,,,,,,,,,,,,,,,18.84627711,20.92820923,19.90199812,17.21439215,20.22188311,20.29046745,19.57647666,22.03912946,25.39370127,24.49833774,22.41519771,21.91924159,21.9707037,21.27046867,21.42946484,22.53044616,21.56796634,23.37768664,26.56841298,27.47645318,26.0984362,27.02962676,26.75145225,28.14740933,27.44640408,26.74064972,23.85734189,23.66262798,23.66262796,,
Japan,JPN,Medium and high-tech Industry (including construction) (% manufacturing value added),NV.MNF.TECH.ZS.UN,,,,,,,,,,,,,,,,,,,,,,,,,,,,,,,50.87281796,50.56905231,49.32863465,48.79780386,48.59948716,49.90356058,50.61372325,51.3927135,51.12100886,50.96498957,52.0152802,51.36098227,53.46490958,54.34202922,54.68589895,55.02086795,56.02078666,56.8181609,55.6398042,53.56783076,55.64469247,54.47823143,55.00502464,55.33723122,56.20870313,56.77074156,56.57023167,56.57023167,56.57023167,,
Kazakhstan,KAZ,Medium and high-tech Industry (including construction) (% manufacturing value added),NV.MNF.TECH.ZS.UN,,,,,,,,,,,,,,,,,,,,,,,,,,,,,,,11.24147905,11.24147905,11.24147905,11.24147905,11.04967457,11.84187087,8.191505762,5.807987608,5.696122888,4.615075718,5.184422086,5.962205363,7.105236763,7.942585215,6.707244853,6.942231603,6.589110081,6.901953428,12.55421868,11.55345686,12.82673391,12.99569141,14.04751405,16.51503888,16.61748842,14.2262004,14.20126271,15.54048678,14.51112989,,
Kenya,KEN,Medium and high-tech Industry (including construction) (% manufacturing value added),NV.MNF.TECH.ZS.UN,,,,,,,,,,,,,,,,,,,,,,,,,,,,,,,18.95454817,18.83691934,18.83614089,17.83819629,18.5786802,17.83996502,13.33333333,18.10374442,17.78644271,9.90400613,9.503360272,10.78189786,10.54455768,11.27439006,11.78447356,9.644881735,9.358927888,8.473931677,7.930789189,12.62298055,10.7886644,10.78545129,13.05239617,12.47066301,13.37030993,14.86252474,14.55285,11.97135493,12.38543423,,
Kyrgyz Republic,KGZ,Medium and high-tech Industry (including construction) (% manufacturing value added),NV.MNF.TECH.ZS.UN,,,,,,,,,,,,,,,,,,,,,,,,,,,,,,,20.34749719,20.34749719,22.48988777,20.28800837,14.95490973,14.98219259,13.87446609,5.485328482,5.918747315,5.886582344,5.918747318,5.918747332,5.704301274,4.916330206,7.779503972,5.963782947,6.638479832,8.917395172,6.136626515,4.391684317,3.445839895,3.714989428,6.743106789,6.606460163,4.132891639,2.956733328,2.71012584,2.792380917,2.800823173,,
Cambodia,KHM,Medium and high-tech Industry (including construction) (% manufacturing value added),NV.MNF.TECH.ZS.UN,,,,,,,,,,,,,,,,,,,,,,,,,,,,,,,1.086228494,1.086228494,1.086228494,1.086228494,1.086228494,0.317972067,0.317972067,0.438766501,0.24876127,0.24876127,0.259529189,0.259529189,0.259529189,0.259529189,0.259529189,0.259529189,0.259529189,0.259529189,0.259529189,0.259529189,0.259529189,0.259529189,0.259529189,0.259529189,0.259529189,0.259529189,0.259529189,0.259529189,0.259529189,,
Kiribati,KIR,Medium and high-tech Industry (including construction) (% manufacturing value added),NV.MNF.TECH.ZS.UN,,,,,,,,,,,,,,,,,,,,,,,,,,,,,,,,,,,,,,,,,,,,,,,,,,,,,,,,,,,,,
St. Kitts and Nevis,KNA,Medium and high-tech Industry (including construction) (% manufacturing value added),NV.MNF.TECH.ZS.UN,,,,,,,,,,,,,,,,,,,,,,,,,,,,,,,,,,,,,,,,,,,,,,,,,,,,,,,,,,,,,
"Korea, Rep.",KOR,Medium and high-tech Industry (including construction) (% manufacturing value added),NV.MNF.TECH.ZS.UN,,,,,,,,,,,,,,,,,,,,,,,,,,,,,,,45.15577534,45.41928612,46.10401783,46.63435401,49.55251747,52.25432583,53.1547045,54.66844849,54.81432443,56.69239612,58.8651351,58.90824026,60.13883272,60.49120667,60.81546657,60.16343077,62.50136243,65.45939704,65.09826679,68.03206721,61.22562222,69.01432654,66.99970423,67.24374099,66.78646,66.96212891,66.17922006,66.19226376,63.83002717,,
Kuwait,KWT,Medium and high-tech Industry (including construction) (% manufacturing value added),NV.MNF.TECH.ZS.UN,,,,,,,,,,,,,,,,,,,,,,,,,,,,,,,4.893015884,5.552749036,9.007207296,10.25970767,8.799311519,8.792557336,7.312155354,5.777610004,6.65697359,5.894264066,6.973618068,7.999422892,19.5819582,20.85181899,21.22503228,21.04058161,22.76283544,24.73104861,27.40937299,21.60306453,18.44143805,23.97180828,30.55574546,30.22677741,28.19245685,30.85034974,34.8533567,41.11942872,38.53872529,,
Latin America & Caribbean (excluding high income),LAC,Medium and high-tech Industry (including construction) (% manufacturing value added),NV.MNF.TECH.ZS.UN,,,,,,,,,,,,,,,,,,,,,,,,,,,,,,,,,,,,,,,,,,,,,,,,,,,,,,,,,,,,,
Lao PDR,LAO,Medium and high-tech Industry (including construction) (% manufacturing value added),NV.MNF.TECH.ZS.UN,,,,,,,,,,,,,,,,,,,,,,,,,,,,,,,13.62805435,13.62805435,13.62805435,13.62805435,13.62805435,13.62805435,13.62805435,13.62805435,13.62805435,13.62805435,10.25252914,10.25252914,10.25252914,10.25252914,10.25252914,10.25252914,10.25252914,10.25252914,3.774775246,3.774775246,3.774775246,3.774775246,3.774775245,3.774775246,3.774775245,3.774775246,3.774775246,3.774775246,3.774775246,,
Lebanon,LBN,Medium and high-tech Industry (including construction) (% manufacturing value added),NV.MNF.TECH.ZS.UN,,,,,,,,,,,,,,,,,,,,,,,,,,,,,,,10.83216988,10.83216988,10.83216988,10.83216988,10.83216988,10.83216988,10.83216988,10.83216988,10.83216988,10.83216988,10.83216988,10.83216988,10.83216988,19.94960076,19.94960076,19.94960076,19.94960076,19.94960076,19.94960076,19.94960076,19.94960076,19.94960076,15.5686969,15.5686969,15.5686969,15.5686969,15.5686969,15.5686969,15.5686969,,
Liberia,LBR,Medium and high-tech Industry (including construction) (% manufacturing value added),NV.MNF.TECH.ZS.UN,,,,,,,,,,,,,,,,,,,,,,,,,,,,,,,,,,,,,,,,,,,,,,,,,,,,,,,,,,,,,
Libya,LBY,Medium and high-tech Industry (including construction) (% manufacturing value added),NV.MNF.TECH.ZS.UN,,,,,,,,,,,,,,,,,,,,,,,,,,,,,,,,,,,,,,,,,,,,,,,,,,,,,,,,,,,,,
St. Lucia,LCA,Medium and high-tech Industry (including construction) (% manufacturing value added),NV.MNF.TECH.ZS.UN,,,,,,,,,,,,,,,,,,,,,,,,,,,,,,,5.376474881,5.376474881,5.173886516,10.62801932,9.431524548,8.474576271,9.049773756,7.829181495,7.829181495,7.829181495,7.829181495,7.829181495,7.829181495,7.829181495,7.829181495,7.829181495,7.829181495,7.829181495,7.829181495,7.829181495,7.829181495,7.829181495,7.829181495,7.829181495,7.829181495,7.829181495,7.829181495,7.829181495,7.829181495,,
Latin America & Caribbean,LCN,Medium and high-tech Industry (including construction) (% manufacturing value added),NV.MNF.TECH.ZS.UN,,,,,,,,,,,,,,,,,,,,,,,,,,,,,,,,,,,,,,,,,,,,,,,,,,,,,,,,,,,,,
Least developed countries: UN classification,LDC,Medium and high-tech Industry (including construction) (% manufacturing value added),NV.MNF.TECH.ZS.UN,,,,,,,,,,,,,,,,,,,,,,,,,,,,,,,,,,,,,,,,,,,,,,,,,,,,,,,,,,,,,
Low income,LIC,Medium and high-tech Industry (including construction) (% manufacturing value added),NV.MNF.TECH.ZS.UN,,,,,,,,,,,,,,,,,,,,,,,,,,,,,,,,,,,,,,,,,,,,,,,,,,,,,,,,,,,,,
Liechtenstein,LIE,Medium and high-tech Industry (including construction) (% manufacturing value added),NV.MNF.TECH.ZS.UN,,,,,,,,,,,,,,,,,,,,,,,,,,,,,,,,,,,,,,,,,,,,,,,,,,,,,,,,,,,,,
Sri Lanka,LKA,Medium and high-tech Industry (including construction) (% manufacturing value added),NV.MNF.TECH.ZS.UN,,,,,,,,,,,,,,,,,,,,,,,,,,,,,,,8.202841764,8.534825983,9.897787093,10.54582061,9.131639749,10.04309516,8.390749728,10.5372571,12.36974896,12.93827498,9.439960838,10.49214365,10.49214365,10.49214365,19.5372151,19.5372151,17.61678922,8.887247932,13.92996442,8.963977755,11.78719673,7.902364587,7.959563114,9.838775377,7.911928868,10.19152445,9.381660529,7.739967185,7.739967185,,
Lower middle income,LMC,Medium and high-tech Industry (including construction) (% manufacturing value added),NV.MNF.TECH.ZS.UN,,,,,,,,,,,,,,,,,,,,,,,,,,,,,,,,,,,,,,,,,,,,,,,,,,,,,,,,,,,,,
Low & middle income,LMY,Medium and high-tech Industry (including construction) (% manufacturing value added),NV.MNF.TECH.ZS.UN,,,,,,,,,,,,,,,,,,,,,,,,,,,,,,,,,,,,,,,,,,,,,,,,,,,,,,,,,,,,,
Lesotho,LSO,Medium and high-tech Industry (including construction) (% manufacturing value added),NV.MNF.TECH.ZS.UN,,,,,,,,,,,,,,,,,,,,,,,,,,,,,,,,,,,,,,,,,,,,,,,,,,,,,,,,,,,,,
Late-demographic dividend,LTE,Medium and high-tech Industry (including construction) (% manufacturing value added),NV.MNF.TECH.ZS.UN,,,,,,,,,,,,,,,,,,,,,,,,,,,,,,,,,,,,,,,,,,,,,,,,,,,,,,,,,,,,,
Lithuania,LTU,Medium and high-tech Industry (including construction) (% manufacturing value added),NV.MNF.TECH.ZS.UN,,,,,,,,,,,,,,,,,,,,,,,,,,,,,,,22.48687262,22.48687262,22.48687262,19.71436972,20.28464183,21.04779167,19.630897,19.36620216,20.51856879,20.5119366,20.3309059,23.24765435,22.53422488,22.43693671,21.79989121,20.48081211,23.51055097,25.41322442,31.2720265,23.9764803,29.9976494,28.82106506,24.59575114,23.72591206,26.32329748,29.06743352,26.46182132,28.95378337,26.97078725,,
Luxembourg,LUX,Medium and high-tech Industry (including construction) (% manufacturing value added),NV.MNF.TECH.ZS.UN,,,,,,,,,,,,,,,,,,,,,,,,,,,,,,,17.1269212,16.90858728,19.21301106,18.41613432,18.5709683,14.58282279,19.49495485,19.16490204,18.43850625,18.59409436,17.75800811,15.76417034,16.23283927,14.95679294,14.54055122,15.85787292,15.0424498,13.7803067,8.636560762,7.106392203,7.583581792,7.127180389,22.41379427,23.94881199,22.45674436,23.66650903,20.40789529,20.02160339,19.86814911,,
Latvia,LVA,Medium and high-tech Industry (including construction) (% manufacturing value added),NV.MNF.TECH.ZS.UN,,,,,,,,,,,,,,,,,,,,,,,,,,,,,,,34.91208933,28.37767174,24.38549517,28.32369978,25.2422233,24.19254521,20.95122054,19.38623064,16.0566495,15.54294306,16.34023487,17.46126348,15.38875526,16.20523685,16.67843405,17.78945191,17.72037084,19.23257093,20.69584317,21.07102744,23.25501101,22.33141035,24.3216529,22.66867535,23.26625427,23.98686318,23.11473281,25.72841399,23.43177373,,
"Macao SAR, China",MAC,Medium and high-tech Industry (including construction) (% manufacturing value added),NV.MNF.TECH.ZS.UN,,,,,,,,,,,,,,,,,,,,,,,,,,,,,,,4.560582693,4.371688001,3.926589372,3.87963475,4.133055158,5.618663046,5.940966929,7.098996357,6.176039209,7.434895189,3.897343057,2.384083286,2.496455442,2.08676666,2.597517799,2.036729411,2.335927252,2.910036873,2.033703646,2.724873661,4.022506547,4.022506547,4.022506547,4.022506547,4.022506547,0.089118555,0.089118555,0.089118555,0.089118555,,
St. Martin (French part),MAF,Medium and high-tech Industry (including construction) (% manufacturing value added),NV.MNF.TECH.ZS.UN,,,,,,,,,,,,,,,,,,,,,,,,,,,,,,,,,,,,,,,,,,,,,,,,,,,,,,,,,,,,,
Morocco,MAR,Medium and high-tech Industry (including construction) (% manufacturing value added),NV.MNF.TECH.ZS.UN,,,,,,,,,,,,,,,,,,,,,,,,,,,,,,,21.76930061,21.0419681,22.47326278,19.03536796,23.01292527,22.51716247,23.58459905,24.9541535,22.92604196,23.72076368,19.83462314,21.28620018,21.64218024,23.75422036,23.24159861,22.42652186,22.05315421,26.7482634,29.0707004,21.96641302,28.06969722,28.04990145,6.740213778,7.042625487,7.873748942,33.41037388,35.65146023,34.15461584,34.15461583,,
Monaco,MCO,Medium and high-tech Industry (including construction) (% manufacturing value added),NV.MNF.TECH.ZS.UN,,,,,,,,,,,,,,,,,,,,,,,,,,,,,,,,,,,,,,,,,,,,,,,,,,,,,,,,,,,,,
Moldova,MDA,Medium and high-tech Industry (including construction) (% manufacturing value added),NV.MNF.TECH.ZS.UN,,,,,,,,,,,,,,,,,,,,,,,,,,,,,,,14.15884875,14.15884875,12.57771714,5.497875543,5.497875629,5.497875647,6.848219387,6.602085019,6.917178874,6.917178941,6.874293195,6.803029138,7.210626612,7.281157514,6.895691666,6.887593924,7.72970992,7.824667538,9.840840367,8.678020939,8.910277314,8.959298292,12.28057338,14.47004669,18.76392041,16.33495329,19.46439464,17.72745526,17.84780582,,
Madagascar,MDG,Medium and high-tech Industry (including construction) (% manufacturing value added),NV.MNF.TECH.ZS.UN,,,,,,,,,,,,,,,,,,,,,,,,,,,,,,,6.141075478,6.141075478,6.141075478,6.141075478,6.141075478,6.141075478,6.141075478,6.141075478,6.141075478,6.41253738,2.873923432,3.082881221,3.342822302,2.916935857,2.910132665,2.828976375,3.556118499,3.556118499,3.556118499,3.556118499,3.556118499,3.556118499,3.556118499,3.556118499,3.556118499,3.556118499,3.556118499,3.556118499,3.556118499,,
Maldives,MDV,Medium and high-tech Industry (including construction) (% manufacturing value added),NV.MNF.TECH.ZS.UN,,,,,,,,,,,,,,,,,,,,,,,,,,,,,,,2.633324634,2.633324634,2.633324634,2.633324634,2.633324634,2.633324634,2.633324634,2.633324634,2.633324634,2.633324634,2.633324634,2.633324634,2.633324634,2.633324634,2.633324634,2.633324634,2.633324634,2.633324634,2.633324634,2.633324634,2.633324634,2.633324634,2.633324634,2.633324634,2.633324632,2.633324631,2.63332463,2.63332463,2.63332463,,
Middle East & North Africa,MEA,Medium and high-tech Industry (including construction) (% manufacturing value added),NV.MNF.TECH.ZS.UN,,,,,,,,,,,,,,,,,,,,,,,,,,,,,,,,,,,,,,,,,,,,,,,,,,,,,,,,,,,,,
Mexico,MEX,Medium and high-tech Industry (including construction) (% manufacturing value added),NV.MNF.TECH.ZS.UN,,,,,,,,,,,,,,,,,,,,,,,,,,,,,,,42.09677292,42.15216899,42.41790209,40.52786899,36.98204547,39.08262929,40.28880503,41.30402558,41.86561578,41.95157403,42.61173356,43.15826092,42.65194637,43.53291933,39.53579374,39.83576811,39.72943538,38.54061304,37.59279102,35.68367926,36.89433099,38.64534915,40.15262783,39.49537175,40.38895335,39.68874714,41.6298131,42.55825507,42.55825507,,
Marshall Islands,MHL,Medium and high-tech Industry (including construction) (% manufacturing value added),NV.MNF.TECH.ZS.UN,,,,,,,,,,,,,,,,,,,,,,,,,,,,,,,,,,,,,,,,,,,,,,,,,,,,,,,,,,,,,
Middle income,MIC,Medium and high-tech Industry (including construction) (% manufacturing value added),NV.MNF.TECH.ZS.UN,,,,,,,,,,,,,,,,,,,,,,,,,,,,,,,,,,,,,,,,,,,,,,,,,,,,,,,,,,,,,
North Macedonia,MKD,Medium and high-tech Industry (including construction) (% manufacturing value added),NV.MNF.TECH.ZS.UN,,,,,,,,,,,,,,,,,,,,,,,,,,,,,,,22.58947789,20.69749227,23.78991678,19.01447543,26.04885101,23.67369035,26.10175118,17.82262892,17.20640873,16.28994968,14.54856445,15.31019501,7.951904618,13.77622654,14.69382104,14.115648,14.09093997,12.66670786,13.69140507,14.6178159,19.49953725,15.48203235,23.5183325,15.3482857,23.02753405,29.60979691,29.60979691,29.60979691,29.60979691,,
Mali,MLI,Medium and high-tech Industry (including construction) (% manufacturing value added),NV.MNF.TECH.ZS.UN,,,,,,,,,,,,,,,,,,,,,,,,,,,,,,,,,,,,,,,,,,,,,,,,,,,,,,,,,,,,,
Malta,MLT,Medium and high-tech Industry (including construction) (% manufacturing value added),NV.MNF.TECH.ZS.UN,,,,,,,,,,,,,,,,,,,,,,,,,,,,,,,25.66256126,24.27842968,24.60026843,24.2317042,28.79885873,38.22996565,38.40646254,39.96683188,40.62618065,43.49226078,51.18374646,47.56407238,44.55278789,45.17023761,41.56077373,36.30289715,47.78075264,51.01394356,50.53411468,17.12383395,19.16447474,8.527443106,5.365085928,5.699012537,17.56946868,37.98840464,29.6370607,35.68463407,35.68838895,,
Myanmar,MMR,Medium and high-tech Industry (including construction) (% manufacturing value added),NV.MNF.TECH.ZS.UN,,,,,,,,,,,,,,,,,,,,,,,,,,,,,,,12.41267972,12.41267972,12.41267972,12.41267972,12.41267972,12.41267972,12.41267972,12.41267972,12.41267972,12.41267972,12.41267972,12.41267972,12.41267972,12.41267972,12.41267972,12.41267972,12.41267972,12.41267972,12.41267972,9.287651353,11.65337023,10.98549489,11.21455223,7.615262016,7.615262016,7.615262016,7.615262016,7.615262016,7.615262016,,
Middle East & North Africa (excluding high income),MNA,Medium and high-tech Industry (including construction) (% manufacturing value added),NV.MNF.TECH.ZS.UN,,,,,,,,,,,,,,,,,,,,,,,,,,,,,,,,,,,,,,,,,,,,,,,,,,,,,,,,,,,,,
Montenegro,MNE,Medium and high-tech Industry (including construction) (% manufacturing value added),NV.MNF.TECH.ZS.UN,,,,,,,,,,,,,,,,,,,,,,,,,,,,,,,16.25737169,16.25737169,16.25737169,16.25737169,16.25737169,16.25737169,16.25737169,16.25737169,16.25737169,16.25737169,16.25737169,16.25737169,16.25737169,16.25737169,16.25737169,16.25737169,16.25737169,16.25737169,16.25737169,16.25737169,16.25737169,13.98689508,18.8508173,15.87800793,16.06418976,14.85823911,14.85823761,14.85823873,14.85823742,,
Mongolia,MNG,Medium and high-tech Industry (including construction) (% manufacturing value added),NV.MNF.TECH.ZS.UN,,,,,,,,,,,,,,,,,,,,,,,,,,,,,,,2.417678062,2.111030762,2.557477877,1.14454953,2.377751349,2.802944248,6.229006075,4.078703131,4.009683702,3.621949709,2.527995869,2.878635055,5.14029424,5.901562995,1.62669718,5.244413689,5.759201486,4.206632951,5.313303278,4.147139814,2.050070247,6.15406505,4.874443579,4.972387755,6.566182509,7.659364512,5.367526991,4.698719736,4.70263166,,
Northern Mariana Islands,MNP,Medium and high-tech Industry (including construction) (% manufacturing value added),NV.MNF.TECH.ZS.UN,,,,,,,,,,,,,,,,,,,,,,,,,,,,,,,,,,,,,,,,,,,,,,,,,,,,,,,,,,,,,
Mozambique,MOZ,Medium and high-tech Industry (including construction) (% manufacturing value added),NV.MNF.TECH.ZS.UN,,,,,,,,,,,,,,,,,,,,,,,,,,,,,,,11.12618714,11.12618714,11.12618725,11.12618772,11.12618745,10.79256449,10.98249104,10.55022325,10.8876387,10.8876387,10.8876387,10.8876387,10.8876387,10.8876387,10.8876387,10.8876387,10.8876387,10.8876387,10.8876387,10.8876387,10.8876387,10.8876387,10.8876387,10.8876387,10.8876387,10.8876387,10.8876387,10.8876387,10.8876387,,
Mauritania,MRT,Medium and high-tech Industry (including construction) (% manufacturing value added),NV.MNF.TECH.ZS.UN,,,,,,,,,,,,,,,,,,,,,,,,,,,,,,,,,,,,,,,,,,,,,,,,,,,,,,,,,,,,,
Mauritius,MUS,Medium and high-tech Industry (including construction) (% manufacturing value added),NV.MNF.TECH.ZS.UN,,,,,,,,,,,,,,,,,,,,,,,,,,,,,,,9.060278483,9.454064316,6.993898638,7.114080094,7.478692106,8.278652902,7.568743341,3.545420752,3.497078692,3.261261803,2.995524034,2.636393777,2.673987536,2.657545111,3.401355649,3.320131027,2.675146049,2.975662285,3.167531352,3.257052586,2.673583687,4.808685291,4.256129131,4.641638225,4.974724807,4.994814256,5.236996694,4.654815449,4.65481545,,
Malawi,MWI,Medium and high-tech Industry (including construction) (% manufacturing value added),NV.MNF.TECH.ZS.UN,,,,,,,,,,,,,,,,,,,,,,,,,,,,,,,19.00322696,10.53551913,10.65517241,22.82578103,28.21384079,22.71650083,23.42764462,17.82980391,20.09193236,8.373563705,9.438138987,9.236899824,8.080315696,5.418099503,4.506921051,6.14453396,11.16409889,5.391580621,11.40671689,12.51441538,11.34466137,11.34466137,11.34466137,11.34466137,11.34466137,11.34466137,11.34466137,11.34466137,11.34466137,,
Malaysia,MYS,Medium and high-tech Industry (including construction) (% manufacturing value added),NV.MNF.TECH.ZS.UN,,,,,,,,,,,,,,,,,,,,,,,,,,,,,,,42.60905014,47.48683365,47.4230035,48.20308792,48.73051765,48.19844673,50.94997931,51.38986425,51.38986425,57.18817633,51.15065777,51.46857852,50.18943534,50.88644773,50.61106961,48.37154217,50.16104827,47.38205584,43.08532061,45.38718038,42.61004206,41.65687503,43.04966154,42.11229848,43.49552979,45.1348057,44.1179582,44.01370407,44.01370407,,
North America,NAC,Medium and high-tech Industry (including construction) (% manufacturing value added),NV.MNF.TECH.ZS.UN,,,,,,,,,,,,,,,,,,,,,,,,,,,,,,,,,,,,,,,,,,,,,,,,,,,,,,,,,,,,,
Namibia,NAM,Medium and high-tech Industry (including construction) (% manufacturing value added),NV.MNF.TECH.ZS.UN,,,,,,,,,,,,,,,,,,,,,,,,,,,,,,,7.367980705,7.367980705,7.367980705,7.367980705,7.367980705,7.367980705,7.367980705,7.367980705,7.367980705,7.367980705,7.367980705,6.701583145,6.701583145,6.701583145,6.701583145,6.701583145,6.701583145,6.701583145,7.869098176,7.080910111,7.451969726,7.445338535,7.883626315,7.287554204,7.348910061,7.348910065,7.348910065,7.348910065,7.348910065,,
New Caledonia,NCL,Medium and high-tech Industry (including construction) (% manufacturing value added),NV.MNF.TECH.ZS.UN,,,,,,,,,,,,,,,,,,,,,,,,,,,,,,,,,,,,,,,,,,,,,,,,,,,,,,,,,,,,,
Niger,NER,Medium and high-tech Industry (including construction) (% manufacturing value added),NV.MNF.TECH.ZS.UN,,,,,,,,,,,,,,,,,,,,,,,,,,,,,,,10.15369754,11.32707047,11.22943173,11.13794399,11.75614432,11.14038199,13.3947128,11.57709016,11.51164634,39.91107347,50.52867019,44.91637324,24.7716895,25.94786126,24.7716895,24.77168949,24.77168949,24.77168949,24.77168951,18.2537312,18.25373121,18.25373119,18.2537312,18.2537312,18.2537312,18.2537312,17.05964027,17.05964027,17.05964027,,
Nigeria,NGA,Medium and high-tech Industry (including construction) (% manufacturing value added),NV.MNF.TECH.ZS.UN,,,,,,,,,,,,,,,,,,,,,,,,,,,,,,,17.13772475,17.13772475,15.7482928,14.16099614,18.78730452,34.18611532,33.43626105,33.43626105,33.43626105,33.43626105,33.43626105,33.43626105,33.43626105,33.43626105,33.43626105,33.43626105,33.43626105,33.43626105,33.43626105,33.43626105,33.43626105,33.43626105,33.43626105,33.43626105,33.43626105,33.43626105,33.43626105,33.43626105,33.43626105,,
Nicaragua,NIC,Medium and high-tech Industry (including construction) (% manufacturing value added),NV.MNF.TECH.ZS.UN,,,,,,,,,,,,,,,,,,,,,,,,,,,,,,,,,,,,,,,,,,,,,,,,,,,,,,,,,,,,,
Netherlands,NLD,Medium and high-tech Industry (including construction) (% manufacturing value added),NV.MNF.TECH.ZS.UN,,,,,,,,,,,,,,,,,,,,,,,,,,,,,,,42.2326714,39.8148716,40.19882703,38.76310498,38.76310707,41.52585476,39.91549333,40.22269161,39.4470198,39.15117861,40.91908638,38.589546,40.40399051,40.57795156,43.32823049,45.34117085,42.68246985,42.68077556,43.83509085,45.15723892,49.82933734,50.30684578,50.39586153,49.44519508,50.3338622,50.44420771,49.61328876,51.20973308,49.88814416,,
Norway,NOR,Medium and high-tech Industry (including construction) (% manufacturing value added),NV.MNF.TECH.ZS.UN,,,,,,,,,,,,,,,,,,,,,,,,,,,,,,,34.46619743,45.5116391,45.15764573,47.21546707,46.25491723,46.2739256,46.49095405,48.96071569,54.94770809,54.40321543,49.97912948,48.74727345,51.4308709,51.06259833,48.1413028,50.25993802,54.69144655,54.6830329,58.42913945,63.37053936,58.13349367,58.67483149,59.01985495,64.50597139,59.60225582,56.58915319,51.3091089,47.60827812,40.19954127,,
Nepal,NPL,Medium and high-tech Industry (including construction) (% manufacturing value added),NV.MNF.TECH.ZS.UN,,,,,,,,,,,,,,,,,,,,,,,,,,,,,,,6.457554133,5.072570004,5.142790211,7.186666375,5.936620972,6.198662228,8.431851153,8.471495631,8.471495632,12.1018269,12.10182689,12.12010523,11.8585886,11.8585886,9.185972843,9.185972843,9.133916192,9.185972839,1.900977521,2.144097888,8.466540118,8.383786534,8.383786534,8.383786534,8.383786534,8.383786534,8.383786534,8.383786534,8.383786534,,
Nauru,NRU,Medium and high-tech Industry (including construction) (% manufacturing value added),NV.MNF.TECH.ZS.UN,,,,,,,,,,,,,,,,,,,,,,,,,,,,,,,,,,,,,,,,,,,,,,,,,,,,,,,,,,,,,
New Zealand,NZL,Medium and high-tech Industry (including construction) (% manufacturing value added),NV.MNF.TECH.ZS.UN,,,,,,,,,,,,,,,,,,,,,,,,,,,,,,,20.30872715,20.22434004,20.22434005,20.22434005,20.22434005,17.05453458,17.05453458,17.05453458,13.48370902,13.11611322,12.45156849,12.92620753,15.00744799,17.97659071,18.11834269,16.85767853,16.54444358,16.61793099,17.77367354,16.49578137,17.60513395,18.05526785,17.24859212,19.3850324,20.25089606,19.06570881,18.53300734,18.53300734,18.53300734,,
OECD members,OED,Medium and high-tech Industry (including construction) (% manufacturing value added),NV.MNF.TECH.ZS.UN,,,,,,,,,,,,,,,,,,,,,,,,,,,,,,,,,,,,,,,,,,,,,,,,,,,,,,,,,,,,,
Oman,OMN,Medium and high-tech Industry (including construction) (% manufacturing value added),NV.MNF.TECH.ZS.UN,,,,,,,,,,,,,,,,,,,,,,,,,,,,,,,6.969476134,6.969476134,6.969476134,6.969476134,8.953615743,8.953436599,11.97145918,11.9038119,11.98687166,11.86040226,9.34369109,6.084195285,7.8187448,6.740639376,6.758514839,15.84271467,13.09758396,16.75358294,14.22935984,26.98400688,19.38877142,42.68024692,48.26573837,27.59050247,17.85807669,21.25587299,22.43254035,21.12261824,20.641882,,
Other small states,OSS,Medium and high-tech Industry (including construction) (% manufacturing value added),NV.MNF.TECH.ZS.UN,,,,,,,,,,,,,,,,,,,,,,,,,,,,,,,,,,,,,,,,,,,,,,,,,,,,,,,,,,,,,
Pakistan,PAK,Medium and high-tech Industry (including construction) (% manufacturing value added),NV.MNF.TECH.ZS.UN,,,,,,,,,,,,,,,,,,,,,,,,,,,,,,,24.29187981,24.49315625,24.49315404,24.49315404,29.29474159,29.29474159,29.29474145,29.29474159,29.29474159,25.23402535,25.23402535,25.2338185,25.23402535,25.23402535,22.95502172,22.95502172,24.61546527,24.61546527,24.61546527,24.61546527,24.61546527,24.61546527,24.61546527,24.61546527,24.61546527,24.61546527,24.61546527,24.61546527,24.61546527,,
Panama,PAN,Medium and high-tech Industry (including construction) (% manufacturing value added),NV.MNF.TECH.ZS.UN,,,,,,,,,,,,,,,,,,,,,,,,,,,,,,,10.41601824,10.31602484,5.920501667,7.407479613,7.272872751,10.82255397,6.889784307,6.870357582,6.681272814,5.948635657,6.72799529,10.52026138,8.324718812,8.172188607,8.172188682,8.324718668,8.324718797,8.324718736,8.324718686,6.52043852,6.520438697,6.520785912,6.668661203,6.235916197,8.027748151,8.007272074,7.999858036,6.209011523,6.209011428,,
Peru,PER,Medium and high-tech Industry (including construction) (% manufacturing value added),NV.MNF.TECH.ZS.UN,,,,,,,,,,,,,,,,,,,,,,,,,,,,,,,17.05289553,14.69724086,16.05694303,16.05694303,15.46108525,16.72365858,16.00944604,15.46986651,15.46986651,14.8543735,14.8543735,15.16690949,14.70434885,14.27672267,13.41015582,13.6192377,14.36607538,15.52941264,15.60302704,15.38752592,15.47505859,14.80764858,16.16250717,13.67314218,14.60514216,14.69679297,15.54170628,15.13029113,15.73439208,,
Philippines,PHL,Medium and high-tech Industry (including construction) (% manufacturing value added),NV.MNF.TECH.ZS.UN,,,,,,,,,,,,,,,,,,,,,,,,,,,,,,,24.54439849,28.59397286,29.72118275,29.01022773,27.95389989,29.01741765,32.83591255,34.6587272,35.62298336,38.95294637,38.13445096,41.984308,41.10681377,40.57053136,39.55158294,41.74520105,46.02760164,45.72530419,34.98237319,43.01482012,45.70985797,41.51858563,57.37098265,44.50230382,46.21958396,44.58409967,43.53708838,42.32563927,42.32563927,,
Palau,PLW,Medium and high-tech Industry (including construction) (% manufacturing value added),NV.MNF.TECH.ZS.UN,,,,,,,,,,,,,,,,,,,,,,,,,,,,,,,,,,,,,,,,,,,,,,,,,,,,,,,,,,,,,
Papua New Guinea,PNG,Medium and high-tech Industry (including construction) (% manufacturing value added),NV.MNF.TECH.ZS.UN,,,,,,,,,,,,,,,,,,,,,,,,,,,,,,,12.60965945,12.60965945,12.60965945,12.60965945,12.60965945,12.60965945,12.60965945,12.60965945,12.60965945,12.60965922,12.6096592,12.60965944,12.60965944,12.60965944,12.60965944,12.60965944,12.60965944,12.60965944,12.60965944,12.60965944,12.60965944,12.60965944,12.60965944,12.60965944,12.60965944,12.60965944,12.60965944,12.60965944,12.60965944,,
Poland,POL,Medium and high-tech Industry (including construction) (% manufacturing value added),NV.MNF.TECH.ZS.UN,,,,,,,,,,,,,,,,,,,,,,,,,,,,,,,33.70438123,28.9692995,26.24090542,27.06783565,34.66700372,33.11255768,32.83926206,31.37444102,30.1132219,29.75088698,29.30453975,28.14215963,28.30407828,27.55055137,28.4335816,29.62588743,34.87308061,33.85835308,36.47283435,38.31731783,39.2742155,38.72871172,37.03929924,38.01588097,36.95797233,36.88070758,35.43865867,35.27039047,34.00487209,,
Pre-demographic dividend,PRE,Medium and high-tech Industry (including construction) (% manufacturing value added),NV.MNF.TECH.ZS.UN,,,,,,,,,,,,,,,,,,,,,,,,,,,,,,,,,,,,,,,,,,,,,,,,,,,,,,,,,,,,,
Puerto Rico,PRI,Medium and high-tech Industry (including construction) (% manufacturing value added),NV.MNF.TECH.ZS.UN,,,,,,,,,,,,,,,,,,,,,,,,,,,,,,,,,,,,,,,,,,,,,,,,,,,,,,,,,,,,,
"Korea, Dem. People's Rep.",PRK,Medium and high-tech Industry (including construction) (% manufacturing value added),NV.MNF.TECH.ZS.UN,,,,,,,,,,,,,,,,,,,,,,,,,,,,,,,,,,,,,,,,,,,,,,,,,,,,,,,,,,,,,
Portugal,PRT,Medium and high-tech Industry (including construction) (% manufacturing value added),NV.MNF.TECH.ZS.UN,,,,,,,,,,,,,,,,,,,,,,,,,,,,,,,19.28474148,19.50627503,18.78747284,18.22699807,18.27631463,22.43086072,26.42731442,26.40863718,25.57081514,25.11798871,25.94490844,25.47646741,24.95578974,24.34954637,24.75657516,25.54322432,24.96374438,21.66437442,26.7661865,26.13398223,26.10117106,26.71114267,26.9642252,26.72904215,26.85822935,26.80397337,26.17252645,26.62344784,25.52100512,,
Paraguay,PRY,Medium and high-tech Industry (including construction) (% manufacturing value added),NV.MNF.TECH.ZS.UN,,,,,,,,,,,,,,,,,,,,,,,,,,,,,,,10.98250223,10.98250223,10.98250223,10.98250223,10.98250223,10.98250223,10.98250223,10.98250223,10.98250223,10.98250223,10.98250223,10.98250223,12.86720627,11.1166646,11.1166646,11.1166646,12.87987656,21.25703698,21.25703698,21.25703698,21.92448273,21.82669174,21.82669174,21.82669174,21.82669174,21.82669174,21.82669174,21.82669174,21.82669174,,
West Bank and Gaza,PSE,Medium and high-tech Industry (including construction) (% manufacturing value added),NV.MNF.TECH.ZS.UN,,,,,,,,,,,,,,,,,,,,,,,,,,,,,,,5.718209244,5.718209244,5.718209244,5.718209244,5.718209244,11.60191682,11.19543009,8.787250801,7.799829956,6.518609692,6.376782094,7.122144991,8.877528304,9.080725095,7.018472292,7.491995265,7.130173058,5.685501189,5.58422016,7.502903744,5.321581312,11.21720882,5.523414132,1.604813701,3.089469011,2.187895793,2.519303399,6.992599541,6.992599511,,
Pacific island small states,PSS,Medium and high-tech Industry (including construction) (% manufacturing value added),NV.MNF.TECH.ZS.UN,,,,,,,,,,,,,,,,,,,,,,,,,,,,,,,,,,,,,,,,,,,,,,,,,,,,,,,,,,,,,
Post-demographic dividend,PST,Medium and high-tech Industry (including construction) (% manufacturing value added),NV.MNF.TECH.ZS.UN,,,,,,,,,,,,,,,,,,,,,,,,,,,,,,,,,,,,,,,,,,,,,,,,,,,,,,,,,,,,,
French Polynesia,PYF,Medium and high-tech Industry (including construction) (% manufacturing value added),NV.MNF.TECH.ZS.UN,,,,,,,,,,,,,,,,,,,,,,,,,,,,,,,,,,,,,,,,,,,,,,,,,,,,,,,,,,,,,
Qatar,QAT,Medium and high-tech Industry (including construction) (% manufacturing value added),NV.MNF.TECH.ZS.UN,,,,,,,,,,,,,,,,,,,,,,,,,,,,,,,28.05944056,35.87511258,24.922312,24.5132128,30.07799254,31.01398603,31.01398601,31.01398601,22.86978972,22.86978974,21.58458286,19.83550265,14.62924193,18.25695787,18.02647463,21.81321087,15.28581124,26.84568407,33.01597511,24.58707482,22.74982725,36.75250649,62.90283512,62.47700248,66.65039234,56.09427135,54.16621357,47.85671021,47.85671021,,
Romania,ROU,Medium and high-tech Industry (including construction) (% manufacturing value added),NV.MNF.TECH.ZS.UN,,,,,,,,,,,,,,,,,,,,,,,,,,,,,,,29.12028725,30.7923341,30.9493566,26.69713772,28.03779528,28.73287402,26.17766371,23.26122408,24.49679974,24.44163192,23.25574533,23.36915253,24.21015751,31.69151445,29.48434952,29.19848401,28.68458561,30.99602923,30.77993567,37.82476855,40.14973841,42.00123522,41.32989075,42.9291726,41.3549781,44.46462575,45.40022843,46.61048619,46.0211211,,
Russian Federation,RUS,Medium and high-tech Industry (including construction) (% manufacturing value added),NV.MNF.TECH.ZS.UN,,,,,,,,,,,,,,,,,,,,,,,,,,,,,,,33.63869827,33.63869827,33.73661238,33.63832202,35.2582136,29.19145708,32.83153501,30.90281716,30.92638273,32.23276076,32.65346814,32.23975505,23.04174503,26.98378243,24.80918544,22.45251359,21.88255801,22.42326384,24.55359732,23.1414627,25.03675824,24.70888229,26.53526269,24.62926534,25.56643299,28.56183101,28.25176119,30.49352875,30.49352875,,
Rwanda,RWA,Medium and high-tech Industry (including construction) (% manufacturing value added),NV.MNF.TECH.ZS.UN,,,,,,,,,,,,,,,,,,,,,,,,,,,,,,,6.658095592,6.658095592,6.658095592,6.658095592,6.658095592,6.658095592,6.658095592,6.658095592,6.658095592,6.658095592,6.658095592,6.658095592,6.658095592,6.658095592,6.658095592,6.658095592,6.658095592,6.658095592,6.658095592,6.658095592,6.658095592,6.658095592,6.658095592,6.658095592,6.658095592,6.658095592,6.658095592,6.658095592,6.658095592,,
South Asia,SAS,Medium and high-tech Industry (including construction) (% manufacturing value added),NV.MNF.TECH.ZS.UN,,,,,,,,,,,,,,,,,,,,,,,,,,,,,,,,,,,,,,,,,,,,,,,,,,,,,,,,,,,,,
Saudi Arabia,SAU,Medium and high-tech Industry (including construction) (% manufacturing value added),NV.MNF.TECH.ZS.UN,,,,,,,,,,,,,,,,,,,,,,,,,,,,,,,21.76454269,21.76454269,21.76454269,21.76454269,21.76454269,21.76454269,21.76454269,21.43159366,21.66609126,21.66609126,21.66609125,21.66609126,42.24264532,35.94253519,34.66872404,41.71362077,41.34753626,41.23253962,41.2270703,32.90112446,32.186255,33.7851971,33.993433,34.83788965,35.02396586,37.89076457,38.02390811,35.38381231,35.38381231,,
Sudan,SDN,Medium and high-tech Industry (including construction) (% manufacturing value added),NV.MNF.TECH.ZS.UN,,,,,,,,,,,,,,,,,,,,,,,,,,,,,,,,,,,,,,,,,,,,,,,,,,,,,,,,,,,,,
Senegal,SEN,Medium and high-tech Industry (including construction) (% manufacturing value added),NV.MNF.TECH.ZS.UN,,,,,,,,,,,,,,,,,,,,,,,,,,,,,,,13.90959722,20.2118331,20.54716139,16.99020555,25.80772789,28.40980631,32.23697615,29.58929011,30.19570208,31.94949787,26.77067083,29.1603756,31.57087186,30.46334978,13.96866377,15.34056411,20.54574399,19.33746302,22.5192879,22.0737542,20.80374861,23.84817703,22.89886717,21.64679826,21.64679826,21.64679826,21.64679826,21.64679826,21.64679826,,
Singapore,SGP,Medium and high-tech Industry (including construction) (% manufacturing value added),NV.MNF.TECH.ZS.UN,,,,,,,,,,,,,,,,,,,,,,,,,,,,,,,64.75930285,69.26104557,70.25603986,71.1411453,72.36920608,74.63488468,74.60712316,74.53976235,74.51049127,75.83568036,78.52220284,79.27644773,80.49168086,80.60022768,82.33631203,82.7552692,84.57999997,86.55927551,88.03699615,85.74645028,85.18132229,85.64301447,84.59711392,85.17266398,85.06554553,81.41810787,80.89677223,82.35115655,80.4614216,,
Solomon Islands,SLB,Medium and high-tech Industry (including construction) (% manufacturing value added),NV.MNF.TECH.ZS.UN,,,,,,,,,,,,,,,,,,,,,,,,,,,,,,,,,,,,,,,,,,,,,,,,,,,,,,,,,,,,,
Sierra Leone,SLE,Medium and high-tech Industry (including construction) (% manufacturing value added),NV.MNF.TECH.ZS.UN,,,,,,,,,,,,,,,,,,,,,,,,,,,,,,,,,,,,,,,,,,,,,,,,,,,,,,,,,,,,,
El Salvador,SLV,Medium and high-tech Industry (including construction) (% manufacturing value added),NV.MNF.TECH.ZS.UN,,,,,,,,,,,,,,,,,,,,,,,,,,,,,,,27.75911708,27.75911708,23.60377116,25.28298269,21.70028748,7.167824431,22.68606238,12.30333354,19.12749274,19.12749274,19.12749274,19.12749274,19.12749274,19.12749274,19.12749274,19.12749274,19.12749274,19.12749274,19.12749274,19.12749274,19.12749274,19.12749274,19.12749274,19.12749274,19.12749274,19.12749274,19.12749274,19.12749274,19.12749274,,
San Marino,SMR,Medium and high-tech Industry (including construction) (% manufacturing value added),NV.MNF.TECH.ZS.UN,,,,,,,,,,,,,,,,,,,,,,,,,,,,,,,,,,,,,,,,,,,,,,,,,,,,,,,,,,,,,
Somalia,SOM,Medium and high-tech Industry (including construction) (% manufacturing value added),NV.MNF.TECH.ZS.UN,,,,,,,,,,,,,,,,,,,,,,,,,,,,,,,,,,,,,,,,,,,,,,,,,,,,,,,,,,,,,
Serbia,SRB,Medium and high-tech Industry (including construction) (% manufacturing value added),NV.MNF.TECH.ZS.UN,,,,,,,,,,,,,,,,,,,,,,,,,,,,,,,24.41154588,24.41154588,24.41154588,24.41154588,24.41154588,24.41154588,24.41154588,24.41154588,24.41154588,24.41154588,24.41154588,24.41154588,24.41154588,24.41154588,24.41154588,24.41155593,21.3588764,22.06611454,21.84593249,20.41613269,18.64356799,19.62810522,20.06176819,24.88078055,25.92479984,25.74079034,25.41504687,25.76814383,25.76814383,,
Sub-Saharan Africa (excluding high income),SSA,Medium and high-tech Industry (including construction) (% manufacturing value added),NV.MNF.TECH.ZS.UN,,,,,,,,,,,,,,,,,,,,,,,,,,,,,,,,,,,,,,,,,,,,,,,,,,,,,,,,,,,,,
South Sudan,SSD,Medium and high-tech Industry (including construction) (% manufacturing value added),NV.MNF.TECH.ZS.UN,,,,,,,,,,,,,,,,,,,,,,,,,,,,,,,,,,,,,,,,,,,,,,,,,,,,,,,,,,,,,
Sub-Saharan Africa,SSF,Medium and high-tech Industry (including construction) (% manufacturing value added),NV.MNF.TECH.ZS.UN,,,,,,,,,,,,,,,,,,,,,,,,,,,,,,,,,,,,,,,,,,,,,,,,,,,,,,,,,,,,,
Small states,SST,Medium and high-tech Industry (including construction) (% manufacturing value added),NV.MNF.TECH.ZS.UN,,,,,,,,,,,,,,,,,,,,,,,,,,,,,,,,,,,,,,,,,,,,,,,,,,,,,,,,,,,,,
Sao Tome and Principe,STP,Medium and high-tech Industry (including construction) (% manufacturing value added),NV.MNF.TECH.ZS.UN,,,,,,,,,,,,,,,,,,,,,,,,,,,,,,,,,,,,,,,,,,,,,,,,,,,,,,,,,,,,,
Suriname,SUR,Medium and high-tech Industry (including construction) (% manufacturing value added),NV.MNF.TECH.ZS.UN,,,,,,,,,,,,,,,,,,,,,,,,,,,,,,,9.793814433,8.385744235,9.367493995,11.64407369,12.97393698,12.97393597,12.97393702,12.97393843,12.97393742,12.9739377,12.97393761,12.97393773,12.97393748,11.61950823,11.61950817,11.6195081,11.6195081,11.6195081,11.6195081,11.6195081,11.6195081,11.6195081,11.6195081,11.6195081,11.6195081,11.6195081,11.6195081,11.6195081,11.6195081,,
Slovak Republic,SVK,Medium and high-tech Industry (including construction) (% manufacturing value added),NV.MNF.TECH.ZS.UN,,,,,,,,,,,,,,,,,,,,,,,,,,,,,,,25.84816199,25.84816199,23.15831694,30.08471544,27.7835146,31.61309454,30.99960899,34.36514913,36.50040406,37.16814159,33.66095809,34.97682252,36.05897872,38.20938439,35.17935229,36.12638439,39.98559078,43.41825902,41.53280196,43.3023828,46.58201728,44.85914305,48.48722865,50.01632115,47.96860648,49.66454164,48.14361177,48.67105865,49.80111212,,
Slovenia,SVN,Medium and high-tech Industry (including construction) (% manufacturing value added),NV.MNF.TECH.ZS.UN,,,,,,,,,,,,,,,,,,,,,,,,,,,,,,,33.06802515,30.71318016,31.7697992,28.72134169,34.62686798,33.50903109,33.98847049,34.57035564,36.27387024,35.41065974,36.60224228,37.4965858,38.91903964,41.85261783,42.61985006,42.29509892,43.26555359,43.00217031,45.78038121,46.52050874,48.31536348,49.39055234,49.78993998,50.73044213,49.89184807,48.73327243,47.08210679,48.29727371,47.78298918,,
Sweden,SWE,Medium and high-tech Industry (including construction) (% manufacturing value added),NV.MNF.TECH.ZS.UN,,,,,,,,,,,,,,,,,,,,,,,,,,,,,,,42.57187343,44.90567881,46.65462648,48.02118293,48.38881442,45.86460922,48.275511,52.42207967,52.03012236,52.22865721,50.23594736,47.69710487,48.0252461,51.29403255,53.20122444,53.59074075,53.86472025,53.23747395,46.05941856,41.62846944,45.0360828,47.725939,54.62326717,55.14753277,46.54023948,53.60817441,52.77591063,53.05296462,52.3390257,,
Eswatini,SWZ,Medium and high-tech Industry (including construction) (% manufacturing value added),NV.MNF.TECH.ZS.UN,,,,,,,,,,,,,,,,,,,,,,,,,,,,,,,1.681855637,0.898487528,0.876182352,0.984245805,0.918025735,0.929324224,0.952982623,0.952982576,0.952982567,0.952982564,0.952982579,0.822300636,0.82230061,0.822300627,1.630231937,1.63023194,1.630231935,1.630231938,1.630231931,1.630231936,1.630231941,2.234490638,2.234490634,2.234490639,2.234490637,2.234490641,2.234490641,2.234490641,2.234490641,,
Sint Maarten (Dutch part),SXM,Medium and high-tech Industry (including construction) (% manufacturing value added),NV.MNF.TECH.ZS.UN,,,,,,,,,,,,,,,,,,,,,,,,,,,,,,,,,,,,,,,,,,,,,,,,,,,,,,,,,,,,,
Seychelles,SYC,Medium and high-tech Industry (including construction) (% manufacturing value added),NV.MNF.TECH.ZS.UN,,,,,,,,,,,,,,,,,,,,,,,,,,,,,,,,,,,,,,,,,,,,,,,,,,,,,,,,,,,,,
Syrian Arab Republic,SYR,Medium and high-tech Industry (including construction) (% manufacturing value added),NV.MNF.TECH.ZS.UN,,,,,,,,,,,,,,,,,,,,,,,,,,,,,,,9.36605317,16.94531908,10.09095186,23.36396638,24.00443354,21.5193517,21.5193517,21.5193517,21.5193517,21.5193517,21.5193517,21.5193517,21.5193517,21.5193517,21.5193517,21.5193517,21.5193517,21.5193517,21.5193517,21.5193517,21.5193517,21.5193517,21.5193517,21.5193517,21.5193517,21.5193517,21.5193517,21.5193517,21.5193517,,
Turks and Caicos Islands,TCA,Medium and high-tech Industry (including construction) (% manufacturing value added),NV.MNF.TECH.ZS.UN,,,,,,,,,,,,,,,,,,,,,,,,,,,,,,,,,,,,,,,,,,,,,,,,,,,,,,,,,,,,,
Chad,TCD,Medium and high-tech Industry (including construction) (% manufacturing value added),NV.MNF.TECH.ZS.UN,,,,,,,,,,,,,,,,,,,,,,,,,,,,,,,,,,,,,,,,,,,,,,,,,,,,,,,,,,,,,
East Asia & Pacific (IDA & IBRD countries),TEA,Medium and high-tech Industry (including construction) (% manufacturing value added),NV.MNF.TECH.ZS.UN,,,,,,,,,,,,,,,,,,,,,,,,,,,,,,,,,,,,,,,,,,,,,,,,,,,,,,,,,,,,,
Europe & Central Asia (IDA & IBRD countries),TEC,Medium and high-tech Industry (including construction) (% manufacturing value added),NV.MNF.TECH.ZS.UN,,,,,,,,,,,,,,,,,,,,,,,,,,,,,,,,,,,,,,,,,,,,,,,,,,,,,,,,,,,,,
Togo,TGO,Medium and high-tech Industry (including construction) (% manufacturing value added),NV.MNF.TECH.ZS.UN,,,,,,,,,,,,,,,,,,,,,,,,,,,,,,,,,,,,,,,,,,,,,,,,,,,,,,,,,,,,,
Thailand,THA,Medium and high-tech Industry (including construction) (% manufacturing value added),NV.MNF.TECH.ZS.UN,,,,,,,,,,,,,,,,,,,,,,,,,,,,,,,20.89642764,26.52348463,26.52347669,20.68477559,30.88529172,30.88532394,37.40542447,37.23949487,34.76121306,34.72741592,37.94259605,37.86266876,42.11111515,42.03329705,42.03329706,46.26757125,46.37827136,46.26757125,46.26757125,43.84136392,43.84136392,40.62675274,40.70850438,40.70850438,41.35567498,41.35567498,40.35326134,41.35567498,41.35567498,,
Tajikistan,TJK,Medium and high-tech Industry (including construction) (% manufacturing value added),NV.MNF.TECH.ZS.UN,,,,,,,,,,,,,,,,,,,,,,,,,,,,,,,2.703015302,2.703015302,2.703015302,2.703025917,2.703015265,2.703014605,2.703014532,2.703014626,2.703014955,2.703015134,2.703015134,2.703015016,2.703014976,2.703015018,2.703015039,2.527618663,3.279052196,1.261020783,2.611882807,2.61188279,3.650881459,3.6505042,2.945755602,2.493635195,1.861857642,2.191604965,2.845783208,2.80865836,2.795305018,,
Turkmenistan,TKM,Medium and high-tech Industry (including construction) (% manufacturing value added),NV.MNF.TECH.ZS.UN,,,,,,,,,,,,,,,,,,,,,,,,,,,,,,,,,,,,,,,,,,,,,,,,,,,,,,,,,,,,,
Latin America & the Caribbean (IDA & IBRD countries),TLA,Medium and high-tech Industry (including construction) (% manufacturing value added),NV.MNF.TECH.ZS.UN,,,,,,,,,,,,,,,,,,,,,,,,,,,,,,,,,,,,,,,,,,,,,,,,,,,,,,,,,,,,,
Timor-Leste,TLS,Medium and high-tech Industry (including construction) (% manufacturing value added),NV.MNF.TECH.ZS.UN,,,,,,,,,,,,,,,,,,,,,,,,,,,,,,,,,,,,,,,,,,,,,,,,,,,,,,,,,,,,,
Middle East & North Africa (IDA & IBRD countries),TMN,Medium and high-tech Industry (including construction) (% manufacturing value added),NV.MNF.TECH.ZS.UN,,,,,,,,,,,,,,,,,,,,,,,,,,,,,,,,,,,,,,,,,,,,,,,,,,,,,,,,,,,,,
Tonga,TON,Medium and high-tech Industry (including construction) (% manufacturing value added),NV.MNF.TECH.ZS.UN,,,,,,,,,,,,,,,,,,,,,,,,,,,,,,,3.141505821,2.297141031,3.074716436,3.141504152,2.270331943,1.610350869,1.610344743,1.610353864,3.141500342,3.141498459,1.610352775,1.610349283,1.610348645,1.610347924,1.610346075,1.610346075,1.610346075,1.610346075,1.610346075,1.610346075,1.610346075,1.610346075,1.610346075,1.610346075,1.610346075,1.610346075,1.610346075,1.610346075,1.610346075,,
South Asia (IDA & IBRD),TSA,Medium and high-tech Industry (including construction) (% manufacturing value added),NV.MNF.TECH.ZS.UN,,,,,,,,,,,,,,,,,,,,,,,,,,,,,,,,,,,,,,,,,,,,,,,,,,,,,,,,,,,,,
Sub-Saharan Africa (IDA & IBRD countries),TSS,Medium and high-tech Industry (including construction) (% manufacturing value added),NV.MNF.TECH.ZS.UN,,,,,,,,,,,,,,,,,,,,,,,,,,,,,,,,,,,,,,,,,,,,,,,,,,,,,,,,,,,,,
Trinidad and Tobago,TTO,Medium and high-tech Industry (including construction) (% manufacturing value added),NV.MNF.TECH.ZS.UN,,,,,,,,,,,,,,,,,,,,,,,,,,,,,,,22.60776428,29.69811744,20.69835294,27.49753937,38.46322386,40.15330304,39.21699141,26.4463091,28.60624253,24.05966477,27.13902019,28.90842508,23.80590411,30.07695562,34.55537418,36.5285173,39.59849921,39.59849921,39.59849921,39.59849921,39.59849921,39.59849921,39.59849921,39.59849921,39.59849921,39.59849921,39.59849921,39.59849921,39.59849921,,
Tunisia,TUN,Medium and high-tech Industry (including construction) (% manufacturing value added),NV.MNF.TECH.ZS.UN,,,,,,,,,,,,,,,,,,,,,,,,,,,,,,,9.388619638,11.09140321,10.7868579,12.12865872,13.35522999,16.72763381,17.40690988,18.12625524,19.34282585,19.51114534,19.57705062,20.29438087,21.12365689,9.670005216,9.598054225,9.829477967,9.322962877,26.49098474,7.174521699,7.041394867,7.47102021,24.24750317,26.14776648,25.92140776,25.85814073,25.05247751,27.57021623,27.57021623,27.57021624,,
Turkey,TUR,Medium and high-tech Industry (including construction) (% manufacturing value added),NV.MNF.TECH.ZS.UN,,,,,,,,,,,,,,,,,,,,,,,,,,,,,,,26.34095165,26.75157286,28.35935986,29.18013867,27.88140309,28.3710321,27.61039712,28.26801943,25.54862553,26.40366367,28.03854885,25.66088202,27.33430183,31.08372363,31.81452041,30.69698893,31.17120759,31.63832005,32.62227662,33.75085221,32.68555712,32.10525721,32.03709432,31.24810726,31.99195049,32.84696406,33.15499156,33.5888124,32.15410275,,
Tuvalu,TUV,Medium and high-tech Industry (including construction) (% manufacturing value added),NV.MNF.TECH.ZS.UN,,,,,,,,,,,,,,,,,,,,,,,,,,,,,,,,,,,,,,,,,,,,,,,,,,,,,,,,,,,,,
Tanzania,TZA,Medium and high-tech Industry (including construction) (% manufacturing value added),NV.MNF.TECH.ZS.UN,,,,,,,,,,,,,,,,,,,,,,,,,,,,,,,17.54896661,23.71388302,19.33306203,21.72651508,21.88146535,12.63759577,12.63837839,12.63962531,12.6203843,12.62007169,20.20661215,20.20661215,19.3194475,8.324593152,4.892560027,3.700035756,1.376312187,1.376408456,11.16579119,8.560864623,11.99674696,12.14388516,11.47638185,6.831685818,6.750846001,6.600275714,6.457076263,6.465041885,6.465041885,,
Uganda,UGA,Medium and high-tech Industry (including construction) (% manufacturing value added),NV.MNF.TECH.ZS.UN,,,,,,,,,,,,,,,,,,,,,,,,,,,,,,,14.27992143,14.27992143,14.27992143,14.27992143,12.73654173,12.11120964,13.71226696,11.10694212,10.62148476,10.72381125,11.06715693,11.06715693,11.06715693,11.06715693,11.06715693,11.06715693,11.06715693,11.06715693,11.06715693,11.06715693,11.06715693,11.06715693,11.06715693,11.06715693,11.06715693,11.06715693,11.06715693,11.06715693,11.06715693,,
Ukraine,UKR,Medium and high-tech Industry (including construction) (% manufacturing value added),NV.MNF.TECH.ZS.UN,,,,,,,,,,,,,,,,,,,,,,,,,,,,,,,20.94577917,20.94577917,20.94577917,21.33616062,21.89444974,21.943479,19.96212716,19.92330212,21.39173846,20.56969473,23.34419323,33.00857373,33.14247979,32.97820836,33.47887683,33.12440635,33.15324235,33.15147202,32.92336244,32.90964891,32.73588488,32.78578255,34.96993007,41.9768938,31.14510173,30.69307218,29.89885081,27.40309536,26.70688913,,
Upper middle income,UMC,Medium and high-tech Industry (including construction) (% manufacturing value added),NV.MNF.TECH.ZS.UN,,,,,,,,,,,,,,,,,,,,,,,,,,,,,,,,,,,,,,,,,,,,,,,,,,,,,,,,,,,,,
Uruguay,URY,Medium and high-tech Industry (including construction) (% manufacturing value added),NV.MNF.TECH.ZS.UN,,,,,,,,,,,,,,,,,,,,,,,,,,,,,,,19.70113728,16.94583964,17.37965174,18.39909931,16.95489142,15.54324845,13.90440959,11.79023844,12.71819078,13.80268393,13.16243336,13.5960156,13.80269039,14.83275044,10.81850696,11.36271456,13.41203144,14.24898239,14.46455205,13.21953497,13.79739503,13.90316394,15.28891327,19.03908806,18.46797218,18.48275265,18.48275265,18.48275265,18.48275265,,
United States,USA,Medium and high-tech Industry (including construction) (% manufacturing value added),NV.MNF.TECH.ZS.UN,,,,,,,,,,,,,,,,,,,,,,,,,,,,,,,48.65404543,48.96737595,48.47891853,48.86964163,49.17516693,49.22243113,49.22225503,51.70566713,51.78603866,51.57493609,51.01316733,49.57008922,50.38490027,50.41283847,50.39386239,49.31062409,49.46573927,50.61012665,51.32767874,47.42770968,48.07154919,47.59390852,47.78582382,47.50141088,48.70441687,48.32393141,47.94895583,48.31375329,47.44227153,,
Uzbekistan,UZB,Medium and high-tech Industry (including construction) (% manufacturing value added),NV.MNF.TECH.ZS.UN,,,,,,,,,,,,,,,,,,,,,,,,,,,,,,,19.73223396,19.73223396,19.73223396,19.73223396,19.73223396,19.73223396,19.73223396,19.73223396,19.73223396,19.73223396,19.73223396,19.73223396,19.73223396,19.73223396,19.73223396,19.73223396,19.73223396,19.73223396,19.73223396,19.73223396,19.73223396,19.73223396,19.73223396,19.73223396,19.64061833,17.79844769,16.37892923,19.85743595,19.85743595,,
St. Vincent and the Grenadines,VCT,Medium and high-tech Industry (including construction) (% manufacturing value added),NV.MNF.TECH.ZS.UN,,,,,,,,,,,,,,,,,,,,,,,,,,,,,,,,,,,,,,,,,,,,,,,,,,,,,,,,,,,,,
"Venezuela, RB",VEN,Medium and high-tech Industry (including construction) (% manufacturing value added),NV.MNF.TECH.ZS.UN,,,,,,,,,,,,,,,,,,,,,,,,,,,,,,,14.50086511,21.68868062,21.9778469,21.85458166,21.82876243,23.21432203,23.627165,21.89013219,34.28246585,34.28246585,34.28246585,34.28246585,34.28246585,34.28246585,34.28246585,34.28246585,34.28246585,34.28246585,34.28246585,34.28246585,34.28246585,34.28246585,34.28246585,34.28246585,34.28246585,34.28246585,34.28246585,34.28246585,34.28246585,,
British Virgin Islands,VGB,Medium and high-tech Industry (including construction) (% manufacturing value added),NV.MNF.TECH.ZS.UN,,,,,,,,,,,,,,,,,,,,,,,,,,,,,,,,,,,,,,,,,,,,,,,,,,,,,,,,,,,,,
Virgin Islands (U.S.),VIR,Medium and high-tech Industry (including construction) (% manufacturing value added),NV.MNF.TECH.ZS.UN,,,,,,,,,,,,,,,,,,,,,,,,,,,,,,,,,,,,,,,,,,,,,,,,,,,,,,,,,,,,,
Vietnam,VNM,Medium and high-tech Industry (including construction) (% manufacturing value added),NV.MNF.TECH.ZS.UN,,,,,,,,,,,,,,,,,,,,,,,,,,,,,,,21.37418271,21.37418271,21.37418271,21.37418271,21.37418271,21.37418271,21.37418271,21.37418271,21.37418271,20.60613386,23.45451251,21.85804287,21.85804287,21.85804287,24.04169192,24.04169192,25.43053264,26.13678941,25.7290939,29.61500193,25.42911478,20.54017588,25.59272537,32.39355802,40.83202496,38.69011406,39.20097886,41.29515736,40.68911559,,
Vanuatu,VUT,Medium and high-tech Industry (including construction) (% manufacturing value added),NV.MNF.TECH.ZS.UN,,,,,,,,,,,,,,,,,,,,,,,,,,,,,,,,,,,,,,,,,,,,,,,,,,,,,,,,,,,,,
World,WLD,Medium and high-tech Industry (including construction) (% manufacturing value added),NV.MNF.TECH.ZS.UN,,,,,,,,,,,,,,,,,,,,,,,,,,,,,,,,,,,,,,,,,,,,,,,,,,,,,,,,,,,,,
Samoa,WSM,Medium and high-tech Industry (including construction) (% manufacturing value added),NV.MNF.TECH.ZS.UN,,,,,,,,,,,,,,,,,,,,,,,,,,,,,,,,,,,,,,,,,,,,,,,,,,,,,,,,,,,,,
Kosovo,XKX,Medium and high-tech Industry (including construction) (% manufacturing value added),NV.MNF.TECH.ZS.UN,,,,,,,,,,,,,,,,,,,,,,,,,,,,,,,,,,,,,,,,,,,,,,,,,,,,,,,,,,,,,
"Yemen, Rep.",YEM,Medium and high-tech Industry (including construction) (% manufacturing value added),NV.MNF.TECH.ZS.UN,,,,,,,,,,,,,,,,,,,,,,,,,,,,,,,29.51599115,33.5074931,28.37159864,26.06712373,12.89648841,19.71525933,39.01992025,2.723702427,2.723702427,2.849076715,5.618060423,2.271711907,2.056495933,1.521099117,2.309975325,2.555506111,2.660938489,1.840292794,1.463152284,1.752200153,2.370976126,2.25998417,2.246519103,2.199981188,2.064957172,2.064957172,2.064957172,2.064957172,2.064957172,,
South Africa,ZAF,Medium and high-tech Industry (including construction) (% manufacturing value added),NV.MNF.TECH.ZS.UN,,,,,,,,,,,,,,,,,,,,,,,,,,,,,,,27.84793234,30.53868722,24.08106769,29.41470468,30.23004905,31.75109985,30.62968774,30.43757693,29.36857444,23.7044322,24.24063941,25.61631862,25.46015102,25.05675245,25.20797278,25.5788194,25.99937925,24.5372878,23.55712914,24.96186336,25.1644317,24.42803382,24.42803382,24.42803382,24.42803382,24.42803382,24.42803382,24.42803382,24.42803382,,
Zambia,ZMB,Medium and high-tech Industry (including construction) (% manufacturing value added),NV.MNF.TECH.ZS.UN,,,,,,,,,,,,,,,,,,,,,,,,,,,,,,,15.77172609,9.779929059,9.779927988,16.40194303,21.08267504,21.08267504,21.08267504,21.08267504,21.08267504,21.08267504,21.08267504,21.08267504,21.08267504,6.080842631,6.080842631,6.080842631,6.080842631,6.080842631,6.080842631,6.080842631,6.080842631,15.02829473,14.76664693,9.919359146,9.666461863,10.0830041,9.72547445,9.72547445,9.72547445,,
Zimbabwe,ZWE,Medium and high-tech Industry (including construction) (% manufacturing value added),NV.MNF.TECH.ZS.UN,,,,,,,,,,,,,,,,,,,,,,,,,,,,,,,9.904790231,9.904790231,9.904790231,9.904790231,9.904790231,9.904790231,9.904790231,9.904790231,9.904790231,9.904790231,9.904790231,9.904790231,9.904790231,9.904790231,9.904790231,9.904790231,9.904790231,9.904790231,9.904790231,9.904790231,24.65474678,21.1000162,19.67642301,21.78526104,46.62409182,42.91847798,46.03261076,21.40609451,17.28296225,,
