Country/Region,unit,1990,1991,1992,1993,1994,1995,1996,1997,1998,1999,2000,2001,2002,2003,2004,2005,2006,2007,2008,2009,2010,2011,2012,2013,2014,2015,2016,2017,2018
Afghanistan,MtCO2e,-2.39,-2.39,-2.39,-2.39,-2.39,-2.39,-2.39,-2.39,-2.39,-2.39,-2.39,0.12,0.12,0.12,0.12,0.12,0.12,0.12,0.12,0.12,0.12,-0.25,-0.25,-0.25,-0.25,-0.25,0.15,0.15,0.15
Albania,MtCO2e,0.19,0.19,0.19,0.19,0.19,0.19,0.19,0.19,0.19,0.19,0.19,-1.12,-1.12,-1.12,-1.12,-1.12,-1.12,-1.12,-1.12,-1.12,-1.12,-0.84,-0.84,-0.84,-0.84,-0.84,-0.24,-0.24,-0.24
Algeria,MtCO2e,0.57,0.57,0.57,0.57,0.57,0.57,0.57,0.57,0.57,0.57,0.57,-2.41,-2.41,-2.41,-2.41,-2.41,-2.41,-2.41,-2.41,-2.41,-2.41,-0.63,-0.63,-0.63,-0.63,-0.63,0.2,0.2,0.2
Andorra,MtCO2e,FALSE,FALSE,FALSE,FALSE,FALSE,FALSE,FALSE,FALSE,FALSE,FALSE,FALSE,FALSE,FALSE,FALSE,FALSE,FALSE,FALSE,FALSE,FALSE,FALSE,FALSE,FALSE,FALSE,FALSE,FALSE,FALSE,FALSE,FALSE,FALSE
Angola,MtCO2e,10.27,10.27,10.27,10.27,10.27,10.27,10.27,10.27,10.28,10.29,10.3,35.62,35.62,35.62,35.62,35.61,35.61,35.61,35.61,35.61,35.61,35.6,35.6,35.6,35.6,35.6,35.6,35.6,35.59
Antigua and Barbuda,MtCO2e,FALSE,FALSE,FALSE,FALSE,FALSE,FALSE,FALSE,FALSE,FALSE,FALSE,FALSE,FALSE,FALSE,FALSE,FALSE,FALSE,FALSE,FALSE,FALSE,FALSE,FALSE,FALSE,FALSE,FALSE,FALSE,FALSE,FALSE,FALSE,FALSE
Argentina,MtCO2e,44.32,44.32,44.32,44.32,44.32,44.32,44.32,44.32,44.32,44.33,44.33,94.8,94.81,94.83,94.83,94.82,94.82,94.82,94.83,94.83,94.83,65.58,65.58,65.57,65.57,65.57,29.71,29.71,29.7
Armenia,MtCO2e,0.13,0.13,0.13,0.13,0.13,0.13,0.13,0.13,0.13,0.13,0.13,0.12,0.12,0.12,0.12,0.12,0.12,0.12,0.12,0.12,0.12,-0.08,-0.08,-0.08,-0.08,-0.08,0.04,0.04,0.04
Australia,MtCO2e,50.36,50.36,50.36,50.36,50.36,50.39,50.4,50.41,50.41,50.42,50.42,29.39,29.39,29.39,29.38,29.39,29.38,29.38,29.38,29.38,29.37,-29.44,-29.44,-29.44,-29.44,-29.44,2.19,2.19,2.19
Austria,MtCO2e,-13.47,-13.47,-13.47,-13.47,-13.47,-13.47,-13.47,-13.47,-13.47,-13.47,-13.47,-6.16,-6.16,-6.16,-6.17,-6.17,-6.17,-6.17,-6.17,-6.16,-6.16,-7.07,-7.07,-7.07,-7.07,-7.07,-7.12,-7.12,-7.12
Azerbaijan,MtCO2e,-1.58,-1.58,-1.58,-1.58,-1.58,-1.58,-1.58,-1.58,-1.58,-1.58,-1.58,-1.81,-1.81,-1.81,-1.81,-1.81,-1.81,-1.81,-1.81,-1.81,-1.81,-2.85,-2.85,-2.85,-2.85,-2.85,-1.92,-1.92,-1.92
Bahamas,MtCO2e,FALSE,FALSE,FALSE,FALSE,FALSE,FALSE,FALSE,FALSE,FALSE,FALSE,FALSE,FALSE,FALSE,FALSE,FALSE,FALSE,FALSE,FALSE,FALSE,FALSE,FALSE,FALSE,FALSE,FALSE,FALSE,FALSE,FALSE,FALSE,FALSE
Bahrain,MtCO2e,0,0,0,0,0,0,0,0,0,0,0,0,0,0,0,0,0,0,0,0,0,0,0,0,0,0,0,0,0
Bangladesh,MtCO2e,22.61,22.61,22.61,22.61,22.61,22.65,22.64,22.63,22.52,22.35,22.22,22.66,22.6,22.58,22.46,22.45,22.46,22.49,22.48,22.49,22.51,22.02,22.02,21.97,21.9,21.89,21.75,21.75,21.74
Barbados,MtCO2e,0,0,0,0,0,0,0,0,0,0,0,0,0,0,0,0,0,0,0,0,0,0,0,0,0,0,0,0,0
Belarus,MtCO2e,-32.96,-32.96,-33,-33,-33,-32.89,-32.86,-32.81,-32.74,-32.56,-32.53,-24.6,-24.64,-24.68,-24.77,-24.8,-24.84,-24.87,-24.99,-25.05,-25.05,-16.41,-16.41,-16.4,-16.42,-16.42,-21.35,-21.45,-21.51
Belgium,MtCO2e,-3.91,-3.91,-3.91,-3.91,-3.91,-3.92,-3.92,-3.92,-3.92,-3.92,-4.01,-3,-3.01,-3.01,-3.01,-3.01,-3.01,-3.01,-3.01,-3.01,-3.01,-2.36,-2.36,-2.36,-2.36,-2.36,0.16,0.16,0.16
Belize,MtCO2e,6.56,6.56,6.56,6.56,6.56,6.56,6.56,6.55,6.55,6.54,6.53,3.24,3.24,3.23,3.24,3.24,3.24,3.24,3.25,3.25,3.26,5.48,5.47,5.47,5.47,5.47,5.23,5.23,5.24
Benin,MtCO2e,14.99,14.99,14.99,14.99,14.99,14.99,14.99,14.99,14.99,14.99,14.99,10.71,10.71,10.71,10.71,10.71,10.71,10.71,10.71,10.71,10.71,10.71,10.71,10.71,10.71,10.71,10.71,10.71,10.71
Bhutan,MtCO2e,-6.61,-6.61,-6.61,-6.61,-6.61,-6.61,-6.61,-6.61,-6.61,-6.61,-6.61,-6.61,-6.61,-6.61,-6.61,-6.61,-6.61,-6.61,-6.61,-6.61,-6.61,-1.32,-1.32,-1.32,-1.32,-1.32,-1.32,-1.32,-1.32
Bolivia,MtCO2e,76.31,76.31,76.31,76.31,76.31,76.31,76.31,76.31,76.31,76.31,76.31,56.89,56.89,56.89,56.89,56.89,56.89,56.89,56.89,56.89,56.89,59.78,59.78,59.78,59.78,59.78,67.38,67.38,67.38
Bosnia and Herzegovina,MtCO2e,3.26,3.26,3.26,3.26,3.26,3.26,3.26,3.26,3.26,3.26,3.26,0.34,0.34,0.35,0.35,0.35,0.35,0.35,0.35,0.34,0.34,-3.72,-3.72,-3.72,-3.72,-3.72,-1.74,-1.74,-1.74
Botswana,MtCO2e,41.22,41.22,41.22,41.22,41.22,41.22,41.22,41.22,41.23,41.27,41.3,41.3,41.31,41.32,41.36,41.36,41.35,41.35,41.36,41.34,41.34,41.33,41.33,41.33,41.33,41.33,41.33,41.33,41.33
Brazil,MtCO2e,1038.47,1038.47,1038.47,1038.47,1038.47,1038.47,1038.47,1038.48,1038.48,1038.49,1038.49,1101.04,1101.05,1101.05,1101.12,1101.12,1101.12,1101.12,1101.12,1101.12,1101.12,261.99,261.99,261.99,261.99,261.99,384.3,384.3,384.31
Brunei,MtCO2e,1.52,1.52,1.52,1.52,1.52,1.53,1.36,1.49,4.43,1.31,1.33,1.35,1.3,1.4,1.28,1.29,1.26,1.26,1.25,1.27,1.25,0.34,0.34,0.34,0.4,0.37,0.38,0.32,0.33
Bulgaria,MtCO2e,-21.76,-21.76,-21.76,-21.76,-21.76,-21.75,-21.76,-21.76,-21.76,-21.76,-21.76,-23.54,-23.55,-23.55,-23.55,-23.55,-23.55,-23.55,-23.56,-23.56,-23.56,-12.11,-12.11,-12.11,-12.11,-12.12,-33.8,-33.8,-33.81
Burkina Faso,MtCO2e,12.26,12.26,12.26,12.26,12.26,12.26,12.26,12.26,12.26,12.26,12.26,16.45,16.45,16.45,16.45,16.45,16.45,16.45,16.45,16.45,16.45,5.87,5.87,5.87,5.87,5.87,24.1,24.1,24.1
Burundi,MtCO2e,5.39,5.39,5.39,5.39,5.39,5.5,5.51,5.54,5.56,5.61,5.61,3.53,3.53,3.53,3.52,3.53,3.54,3.54,3.53,3.53,3.53,-1.41,-1.41,-1.41,-1.41,-1.41,3.5,3.49,3.48
Cambodia,MtCO2e,4.17,4.17,4.17,4.17,4.17,4.17,4.17,4.17,4.17,4.17,4.17,3.57,3.57,3.57,3.57,3.57,3.57,3.57,3.57,3.57,3.57,64.92,64.92,64.92,64.92,64.92,29.01,29.01,29.01
Cameroon,MtCO2e,52.85,52.85,52.85,52.85,52.85,52.86,52.86,52.86,52.87,52.9,52.95,41.32,41.32,41.32,41.34,41.34,41.34,41.35,41.36,41.39,41.42,33.68,33.7,33.71,33.71,33.71,33.78,33.78,33.76
Canada,MtCO2e,64.88,64.88,64.88,64.88,64.88,65.12,65.16,65.19,65.34,65.49,65.65,301.4,301.43,301.43,301.46,301.4,301.35,301.28,301.25,301.24,301.25,135.16,135.17,135.18,135.19,135.19,35.11,35.13,35.27
Cape Verde,MtCO2e,-0.51,-0.51,-0.51,-0.51,-0.51,-0.51,-0.51,-0.51,-0.51,-0.51,-0.51,-0.06,-0.06,-0.06,-0.06,-0.06,-0.06,-0.06,-0.06,-0.06,-0.06,-0.06,-0.06,-0.06,-0.06,-0.06,-0.06,-0.06,-0.06
Central African Republic,MtCO2e,13.96,13.96,13.96,13.96,13.96,13.96,13.96,13.96,13.96,13.96,13.96,13.96,13.96,13.96,13.96,13.96,13.97,13.97,13.97,13.97,13.97,13.97,13.97,13.97,13.97,13.97,13.98,13.98,13.98
Chad,MtCO2e,7.63,7.63,7.63,7.63,7.63,7.63,7.63,7.63,7.63,7.63,7.63,16.68,16.68,16.68,16.68,16.68,16.68,16.68,16.68,16.68,16.68,25.9,25.9,25.9,25.9,25.9,23.33,23.33,23.33
Chile,MtCO2e,-17.36,-17.36,-17.36,-17.36,-17.36,-17.36,-17.36,-17.36,-17.36,-17.36,-17.36,-36.09,-36.09,-36.09,-36.09,-36.09,-36.09,-36.09,-36.09,-36.09,-36.09,-81.35,-81.35,-81.35,-81.35,-81.35,-57.87,-57.87,-57.86
China,MtCO2e,-349.41,-349.41,-349.41,-349.41,-349.41,-349.38,-349.38,-349.38,-349.37,-349.36,-349.35,-332.25,-332.25,-332.25,-332.24,-332.24,-332.24,-332.23,-332.23,-332.23,-332.23,-710.17,-710.17,-710.17,-710.17,-710.17,-650.1,-650.1,-650.1
Colombia,MtCO2e,92.49,92.49,92.49,92.49,92.49,92.53,92.53,92.53,92.55,92.57,92.6,80.41,80.43,80.45,80.5,80.5,80.5,80.51,80.52,80.53,80.54,56.5,56.5,56.5,56.5,56.5,82.96,82.97,82.97
Comoros,MtCO2e,0.06,0.06,0.06,0.06,0.06,0.06,0.06,0.06,0.06,0.06,0.06,0.06,0.06,0.06,0.06,0.06,0.06,0.06,0.06,0.06,0.06,0.06,0.06,0.06,0.06,0.06,0.06,0.06,0.06
Cook Islands,MtCO2e,-0.02,-0.02,-0.02,-0.02,-0.02,-0.02,-0.02,-0.02,-0.02,-0.02,-0.02,0,0,0,0,0,0,0,0,0,0,0,0,0,0,0,0,0,0
Costa Rica,MtCO2e,2.46,2.46,2.46,2.46,2.46,2.46,2.46,2.46,2.46,2.46,2.46,-0.45,-0.46,-0.46,-0.46,-0.46,-0.46,-0.46,-0.46,-0.46,-0.46,-7.27,-7.27,-7.27,-7.29,-7.29,-7.29,-7.3,-7.3
Croatia,MtCO2e,-0.85,-0.85,-0.85,-0.85,-0.85,-0.85,-0.85,-0.85,-0.85,-0.85,-0.85,-0.83,-0.83,-0.83,-0.83,-0.83,-0.83,-0.83,-0.83,-0.83,-0.83,-1.5,-1.5,-1.5,-1.5,-1.5,-4.34,-4.34,-4.34
Cuba,MtCO2e,-10.83,-10.83,-10.83,-10.83,-10.83,-10.83,-10.83,-10.83,-10.83,-10.83,-10.83,-10.25,-10.25,-10.25,-10.25,-10.25,-10.25,-10.25,-10.25,-10.25,-10.25,-12.71,-12.71,-12.71,-12.71,-12.71,-3.05,-3.05,-3.05
Cyprus,MtCO2e,-0.07,-0.07,-0.07,-0.07,-0.07,-0.07,-0.07,-0.07,-0.07,-0.07,-0.07,-0.26,-0.26,-0.26,-0.26,-0.26,-0.26,-0.26,-0.26,-0.26,-0.26,-0.32,-0.32,-0.32,-0.32,-0.32,-0.25,-0.25,-0.25
Czech Republic,MtCO2e,-9.44,-9.44,-9.44,-9.44,-9.44,-9.44,-9.44,-9.44,-9.44,-9.44,-9.44,-6.94,-6.94,-6.95,-6.95,-6.95,-6.95,-6.95,-6.95,-6.95,-6.95,-3.64,-3.64,-3.64,-3.64,-3.64,-5.82,-5.82,-5.82
CÃ´te d'Ivoire,MtCO2e,60.3,60.3,60.3,60.3,60.29,60.51,60.54,60.59,60.63,60.63,60.66,26.58,26.58,26.59,26.59,26.59,26.58,26.59,26.59,26.6,26.61,26.61,26.61,26.62,26.63,26.63,26.64,26.64,26.64
Democratic Republic of the Congo,MtCO2e,367.71,367.71,367.71,367.71,367.71,367.71,367.72,367.72,367.72,367.71,367.71,367.7,367.7,367.7,367.7,367.7,367.7,367.7,367.7,367.7,367.7,601.37,601.37,601.37,601.37,601.37,601.37,601.37,601.37
Denmark,MtCO2e,0.34,0.34,0.34,0.34,0.34,0.34,0.34,0.34,0.34,0.33,0.33,-0.01,-0.01,-0.01,-0.02,-0.02,-0.02,-0.02,-0.02,-0.02,-0.02,-1.95,-1.95,-1.95,-1.95,-1.95,0.86,0.86,0.86
Djibouti,MtCO2e,FALSE,FALSE,FALSE,FALSE,FALSE,FALSE,FALSE,FALSE,FALSE,FALSE,FALSE,FALSE,FALSE,FALSE,FALSE,FALSE,FALSE,FALSE,FALSE,FALSE,FALSE,FALSE,FALSE,FALSE,FALSE,FALSE,0,0,0
Dominica,MtCO2e,0.06,0.06,0.06,0.06,0.06,0.06,0.06,0.06,0.06,0.06,0.06,-0.01,-0.01,-0.01,-0.01,-0.01,-0.01,-0.01,-0.01,-0.01,-0.01,-0.01,-0.01,-0.01,-0.01,-0.01,-0.01,-0.01,-0.01
Dominican Republic,MtCO2e,-7.27,-7.27,-7.27,-7.27,-7.27,-7.27,-7.27,-7.27,-7.27,-7.27,-7.27,-1.94,-1.94,-1.94,-1.94,-1.94,-1.94,-1.94,-1.94,-1.94,-1.94,-1.18,-1.18,-1.18,-1.18,-1.18,-1.56,-1.56,-1.56
Ecuador,MtCO2e,36.57,36.57,36.57,36.57,36.57,36.57,36.57,36.57,36.57,36.57,36.57,28.49,28.49,28.49,28.57,28.57,28.57,28.57,28.57,28.57,28.57,17.05,17.05,17.05,17.05,17.05,26.15,26.15,26.15
Egypt,MtCO2e,-0.41,-0.41,-0.41,-0.41,-0.41,-0.41,-0.41,-0.41,-0.41,-0.41,-0.41,-0.17,-0.17,-0.17,-0.17,-0.17,-0.17,-0.17,-0.17,-0.17,-0.17,0.92,0.92,0.92,0.92,0.92,0.18,0.18,0.18
El Salvador,MtCO2e,1.08,1.08,1.08,1.08,1.08,1.08,1.08,1.08,1.08,1.08,1.08,1.08,1.08,1.08,1.08,1.08,1.08,1.08,1.08,1.08,1.08,1.08,1.08,1.08,1.08,1.08,1.08,1.08,1.08
Equatorial Guinea,MtCO2e,3.83,3.83,3.83,3.83,3.83,3.83,3.83,3.83,3.83,3.83,3.83,3.83,3.83,3.83,3.83,3.83,3.83,3.83,3.83,3.83,3.83,3.83,3.83,3.83,3.83,3.83,3.83,3.83,3.83
Eritrea,MtCO2e,0.43,0.43,0.43,0.43,0.43,0.43,0.43,0.43,0.43,0.43,0.43,0.46,0.46,0.46,0.46,0.46,0.46,0.46,0.46,0.46,0.46,0.38,0.38,0.38,0.38,0.38,0.45,0.45,0.45
Estonia,MtCO2e,-1.78,-1.78,-1.8,-1.8,-1.8,-1.75,-1.75,-1.74,-1.67,-1.5,-1.45,-1.42,-1.4,-1.39,-1.36,-1.36,-1.35,-1.34,-1.33,-1.32,-1.3,-6.16,-6.15,-6.15,-6.15,-6.15,1.94,1.93,1.95
Eswatini,MtCO2e,-0.13,-0.13,-0.13,-0.13,-0.13,-0.13,-0.13,-0.13,-0.13,-0.13,-0.13,-0.13,-0.13,-0.13,-0.13,-0.13,-0.13,-0.13,-0.13,-0.13,-0.13,-0.13,-0.13,-0.13,-0.13,-0.13,-0.13,-0.13,-0.13
Ethiopia,MtCO2e,26.29,26.29,26.29,26.29,26.29,26.32,26.33,26.33,26.36,26.43,26.42,31.02,31.08,31.06,31.09,31.13,31.13,31.13,31.17,31.23,31.25,31.75,31.74,31.69,31.58,31.58,31.8,31.77,31.71
Fiji,MtCO2e,-2.54,-2.54,-2.54,-2.54,-2.54,-2.54,-2.54,-2.54,-2.54,-2.54,-2.54,-2.55,-2.55,-2.55,-2.55,-2.54,-2.55,-2.55,-2.55,-2.55,-2.55,-2.55,-2.55,-2.55,-2.55,-2.55,-2.54,-2.54,-2.54
Finland,MtCO2e,-31.13,-31.13,-31.13,-31.13,-31.13,-31.11,-31.11,-31.09,-31.05,-30.87,-30.66,-15.3,-15.23,-15.18,-15.02,-14.99,-14.97,-14.95,-14.92,-14.87,-14.83,-54.68,-54.65,-54.65,-54.62,-54.62,6.62,6.7,6.94
France,MtCO2e,-24.85,-24.85,-24.85,-24.85,-24.85,-24.85,-24.86,-24.88,-24.89,-24.91,-24.93,-66.3,-66.35,-66.39,-66.47,-66.48,-66.48,-66.48,-66.48,-66.49,-66.49,-61.1,-61.1,-61.1,-61.11,-61.11,-61.98,-61.98,-61.98
Gabon,MtCO2e,3.61,3.61,3.61,3.61,3.61,3.61,3.61,3.61,3.61,3.65,3.65,3.15,3.16,3.17,3.19,3.19,3.19,3.19,3.19,3.19,3.18,6.44,6.44,6.44,6.45,6.45,6.45,6.46,6.46
Gambia,MtCO2e,0.53,0.53,0.53,0.53,0.53,0.53,0.53,0.53,0.53,0.53,0.53,0.53,0.53,0.53,0.53,0.53,0.53,0.53,0.53,0.53,0.53,0.53,0.53,0.53,0.53,0.53,0.53,0.53,0.53
Georgia,MtCO2e,-18.27,-18.27,-18.27,-18.27,-18.27,-18.27,-18.27,-18.27,-18.27,-18.27,-18.27,-3.52,-3.52,-3.52,-3.52,-3.52,-3.52,-3.52,-3.52,-3.52,-3.52,FALSE,FALSE,FALSE,FALSE,FALSE,FALSE,FALSE,FALSE
Germany,MtCO2e,-50.93,-50.93,-50.93,-50.93,-50.94,-50.94,-50.96,-50.97,-51.02,-51.02,-51.11,-18.11,-18.17,-18.25,-18.33,-18.32,-18.33,-18.33,-18.33,-18.34,-18.34,-29.21,-29.21,-29.21,-29.24,-29.24,-29.47,-29.48,-29.48
Ghana,MtCO2e,9.88,9.88,9.88,9.88,9.88,9.88,9.88,9.88,9.88,9.88,9.89,45.86,45.86,45.86,45.86,45.86,45.86,45.86,45.85,45.85,45.85,29.41,29.41,29.4,29.4,29.4,-24.93,-24.93,-24.93
Greece,MtCO2e,-0.93,-0.93,-0.93,-0.93,-0.93,-0.92,-0.92,-0.92,-0.92,-0.93,-0.93,-1.08,-1.08,-1.08,-1.08,-1.08,-1.08,-1.08,-1.09,-1.09,-1.09,1.4,1.4,1.4,1.4,1.4,1.4,1.4,1.39
Grenada,MtCO2e,FALSE,FALSE,FALSE,FALSE,FALSE,FALSE,FALSE,FALSE,FALSE,FALSE,FALSE,FALSE,FALSE,FALSE,FALSE,FALSE,FALSE,FALSE,FALSE,FALSE,FALSE,FALSE,FALSE,FALSE,FALSE,FALSE,FALSE,FALSE,FALSE
Guatemala,MtCO2e,16.12,16.12,16.12,16.12,16.12,16.12,16.12,16.12,16.12,16.12,16.12,13.72,13.72,13.72,13.72,13.72,13.72,13.72,13.72,13.72,13.72,7.71,7.71,7.71,7.71,7.71,3.27,3.27,3.27
Guinea,MtCO2e,10.78,10.78,10.78,10.78,10.78,10.77,10.77,10.77,10.77,10.77,10.75,11.1,11.1,11.09,11.09,11.09,11.09,11.08,11.08,11.08,11.09,11.13,11.13,11.14,11.14,11.14,12.21,12.22,12.23
Guinea-Bissau,MtCO2e,1.49,1.49,1.49,1.49,1.49,1.49,1.49,1.49,1.49,1.49,1.49,1.49,1.49,1.49,1.49,1.49,1.49,1.49,1.49,1.49,1.49,1.49,1.49,1.49,1.49,1.49,1.49,1.49,1.49
Guyana,MtCO2e,6.97,6.97,6.97,6.97,6.97,7.36,7.65,7.74,7.77,7.95,7.97,8.67,8.69,8.68,9.11,9.1,9.09,9.08,9.08,9.08,9.08,16.75,16.73,16.73,16.71,16.71,14.08,14.08,14.08
Haiti,MtCO2e,0.07,0.07,0.07,0.07,0.07,0.07,0.07,0.07,0.07,0.07,0.07,0.07,0.07,0.07,0.07,0.07,0.07,0.07,0.07,0.07,0.07,0.65,0.65,0.65,0.65,0.65,0.63,0.63,0.63
Honduras,MtCO2e,5.53,5.53,5.53,5.53,5.53,5.53,5.53,5.53,5.53,5.53,5.53,5.36,5.36,5.36,5.36,5.36,5.36,5.36,5.36,5.36,5.36,5.9,5.9,5.9,5.9,5.9,5.52,5.52,5.52
Hungary,MtCO2e,1.62,1.62,1.62,1.62,1.62,1.64,1.64,1.63,1.62,1.62,1.62,2.39,2.37,2.33,2.27,2.27,2.27,2.27,2.26,2.26,2.26,1.34,1.34,1.34,1.34,1.34,1.9,1.9,1.89
Iceland,MtCO2e,0.02,0.02,0.02,0.02,0.02,0.02,0.02,0.02,0.02,0.02,0.02,-0.03,-0.03,-0.03,-0.03,-0.03,-0.03,-0.03,-0.03,-0.03,-0.03,-0.08,-0.08,-0.08,-0.08,-0.08,-0.08,-0.08,-0.08
India,MtCO2e,-221.17,-221.17,-221.17,-221.17,-221.16,-221.12,-221.12,-221.1,-221.1,-221.09,-221.1,4.99,4.98,4.98,4.97,4.97,4.97,4.97,4.97,4.98,4.98,-64.83,-64.83,-64.83,-64.84,-64.84,-34.27,-34.27,-34.27
Indonesia,MtCO2e,684.4,684.4,684.4,684.4,684.38,686.36,537.91,1226.89,646.81,570.44,515.45,329.33,695.33,426.56,688.32,485.53,788.73,358.59,354.58,642.21,356.97,805.23,817.12,795.95,1049.18,1083.92,573.13,548.18,686.44
Iran,MtCO2e,-20.41,-20.41,-20.41,-20.41,-20.41,-20.41,-20.41,-20.41,-20.41,-20.41,-20.41,-44.27,-44.27,-44.27,-44.27,-44.27,-44.27,-44.27,-44.27,-44.27,-44.27,FALSE,FALSE,FALSE,FALSE,FALSE,0.06,0.06,0.06
Iraq,MtCO2e,-0.14,-0.14,-0.14,-0.14,-0.14,-0.14,-0.14,-0.14,-0.14,-0.14,-0.14,-0.05,-0.05,-0.05,-0.05,-0.05,-0.05,-0.05,-0.05,-0.05,-0.05,0.08,0.08,0.08,0.08,0.08,0.5,0.5,0.5
Ireland,MtCO2e,-2.46,-2.46,-2.46,-2.46,-2.46,-2.46,-2.47,-2.47,-2.47,-2.47,-2.47,-2.12,-2.12,-2.13,-2.13,-2.13,-2.13,-2.13,-2.13,-2.13,-2.13,-2.24,-2.24,-2.25,-2.25,-2.25,-2.79,-2.79,-2.79
Israel,MtCO2e,-0.02,-0.02,-0.02,-0.02,-0.02,-0.02,-0.02,-0.02,-0.02,-0.02,-0.02,-0.01,-0.01,-0.01,-0.01,-0.01,-0.01,-0.01,-0.01,-0.01,-0.01,-0.05,-0.05,-0.05,-0.05,-0.05,0.08,0.08,0.08
Italy,MtCO2e,-34.52,-34.52,-34.52,-34.52,-34.52,-34.52,-34.52,-34.52,-34.52,-34.52,-34.52,-34.71,-34.71,-34.71,-34.71,-34.71,-34.71,-34.71,-34.71,-34.71,-34.71,-34.67,-34.67,-34.67,-34.67,-34.67,-12.82,-12.82,-12.82
Jamaica,MtCO2e,0.36,0.36,0.36,0.36,0.36,0.37,0.37,0.37,0.39,0.43,0.43,-2.43,-2.43,-2.43,-2.43,-2.43,-2.43,-2.43,-2.43,-2.43,-2.43,0.23,0.24,0.24,0.24,0.24,0.18,0.18,0.18
Japan,MtCO2e,-75.68,-75.68,-75.68,-75.68,-75.72,-75.69,-75.72,-75.74,-75.76,-75.75,-75.77,-97.46,-97.47,-97.48,-97.49,-97.57,-97.63,-97.79,-97.88,-98.01,-98.12,-49.5,-49.56,-49.64,-49.71,-49.75,-32.06,-32.07,-32.07
Jordan,MtCO2e,FALSE,FALSE,FALSE,FALSE,FALSE,FALSE,FALSE,FALSE,FALSE,FALSE,FALSE,FALSE,FALSE,FALSE,FALSE,FALSE,FALSE,FALSE,FALSE,FALSE,FALSE,FALSE,FALSE,FALSE,FALSE,FALSE,FALSE,FALSE,FALSE
Kazakhstan,MtCO2e,-0.82,-0.82,-0.82,-0.82,-0.82,-0.82,-0.82,-0.82,-0.82,-0.82,-0.82,-1.51,-1.51,-1.51,-1.51,-1.51,-1.51,-1.51,-1.51,-1.51,-1.51,-9.86,-9.86,-9.86,-9.86,-9.86,-2.98,-2.98,-2.98
Kenya,MtCO2e,-4.36,-4.36,-4.36,-4.36,-4.36,-4.35,-4.35,-4.35,-4.35,-4.35,-4.35,15.11,15.11,15.11,15.11,15.11,15.11,15.11,15.11,15.11,15.11,8.29,8.29,8.29,8.29,8.29,-7.62,-7.62,-7.62
Kiribati,MtCO2e,FALSE,FALSE,FALSE,FALSE,FALSE,FALSE,FALSE,FALSE,FALSE,FALSE,FALSE,FALSE,FALSE,FALSE,FALSE,FALSE,FALSE,FALSE,FALSE,FALSE,FALSE,FALSE,FALSE,FALSE,FALSE,FALSE,FALSE,FALSE,FALSE
Kuwait,MtCO2e,-0.02,-0.02,-0.02,-0.02,-0.02,-0.02,-0.02,-0.02,-0.02,-0.02,-0.02,-0.02,-0.02,-0.02,-0.02,-0.02,-0.02,-0.02,-0.02,-0.02,-0.02,-0.01,-0.01,-0.01,-0.01,-0.01,0,0,0
Kyrgyzstan,MtCO2e,-1.02,-1.02,-1.02,-1.02,-1.02,-1.02,-1.02,-1.02,-1.02,-1.02,-1.02,-0.01,-0.01,-0.01,-0.01,-0.01,-0.01,-0.01,-0.01,-0.01,-0.01,-0.74,-0.74,-0.74,-0.74,-0.74,-3.27,-3.27,-3.27
Laos,MtCO2e,10.5,10.5,10.5,10.5,10.5,10.5,10.5,10.5,10.5,10.5,10.5,12.17,12.17,12.17,12.17,12.17,12.17,12.17,12.17,12.17,12.17,8.67,8.67,8.67,8.67,8.67,8.67,8.67,8.67
Latvia,MtCO2e,-12.93,-12.93,-12.96,-12.96,-12.96,-12.89,-12.88,-12.87,-12.85,-12.79,-12.7,-13.9,-13.89,-13.88,-13.86,-13.86,-13.85,-13.84,-13.82,-13.82,-13.8,-2.65,-2.65,-2.65,-2.68,-2.68,-2.78,-2.78,-2.78
Lebanon,MtCO2e,0.01,0.01,0.01,0.01,0.01,0.01,0.01,0.01,0.01,0.01,0.01,0.01,0.01,0.01,0.01,0.01,0.01,0.01,0.01,0.01,0.01,-0.08,-0.08,-0.08,-0.08,-0.08,-0.08,-0.08,-0.08
Lesotho,MtCO2e,FALSE,FALSE,FALSE,FALSE,FALSE,FALSE,FALSE,FALSE,FALSE,FALSE,FALSE,FALSE,FALSE,FALSE,FALSE,FALSE,FALSE,FALSE,FALSE,FALSE,FALSE,FALSE,FALSE,FALSE,FALSE,FALSE,FALSE,FALSE,FALSE
Liberia,MtCO2e,13.4,13.4,13.4,13.4,13.4,13.4,13.4,13.4,13.41,13.41,13.43,13.43,13.44,13.44,13.44,13.44,13.44,13.44,13.44,13.44,13.44,13.44,13.44,13.44,13.44,13.44,13.44,13.44,13.44
Libya,MtCO2e,FALSE,FALSE,FALSE,FALSE,FALSE,FALSE,FALSE,FALSE,FALSE,FALSE,FALSE,FALSE,FALSE,FALSE,FALSE,FALSE,FALSE,FALSE,FALSE,FALSE,FALSE,FALSE,FALSE,FALSE,FALSE,FALSE,FALSE,FALSE,FALSE
Liechtenstein,MtCO2e,0.02,0.02,0.02,0.02,0.02,0.02,0.02,0.02,0.02,0.02,0.02,0.03,0.03,0.03,0.03,0.03,0.03,0.03,0.03,0.03,0.03,0,0,0,0,0,FALSE,FALSE,FALSE
Lithuania,MtCO2e,0.68,0.68,0.68,0.68,0.68,0.67,0.66,0.65,0.64,0.61,0.61,0.1,0.09,0.09,0.06,0.05,0.05,0.05,0.05,0.03,0.03,-6.06,-6.06,-6.06,-6.09,-6.09,-0.62,-0.62,-0.63
Luxembourg,MtCO2e,-0.64,-0.64,-0.64,-0.64,-0.64,-0.64,-0.64,-0.64,-0.64,-0.64,-0.55,-0.52,-0.52,-0.52,-0.52,-0.52,-0.52,-0.52,-0.52,-0.52,-0.52,-0.24,-0.24,-0.24,-0.24,-0.24,-0.28,-0.28,-0.28
Macedonia,MtCO2e,FALSE,FALSE,FALSE,FALSE,FALSE,FALSE,FALSE,FALSE,FALSE,FALSE,FALSE,FALSE,FALSE,FALSE,FALSE,FALSE,FALSE,FALSE,FALSE,FALSE,FALSE,FALSE,FALSE,FALSE,FALSE,FALSE,FALSE,FALSE,FALSE
Madagascar,MtCO2e,28.76,28.76,28.76,28.76,28.76,28.81,28.81,28.82,28.83,28.91,28.92,22.02,22.02,22.02,22.02,22.02,22.03,22.04,22.04,22.03,22.04,10.1,10.11,10.1,10.11,10.11,10.11,10.11,10.12
Malawi,MtCO2e,8.14,8.14,8.14,8.14,8.14,8.14,8.15,8.15,8.16,8.17,8.17,8.18,8.18,8.18,8.19,8.19,8.18,8.18,8.19,8.18,8.18,8.18,8.18,8.17,8.14,8.14,8.14,8.15,8.14
Malaysia,MtCO2e,114.21,114.21,114.21,114.21,114.2,114,110.51,111.84,130.91,110.76,111.46,98.06,103.69,103.63,110.62,113.18,104.58,110.5,108.57,122.95,117.1,-109.54,-111.36,-110.24,-96.31,-108.01,81.53,75.21,79.96
Maldives,MtCO2e,FALSE,FALSE,FALSE,FALSE,FALSE,FALSE,FALSE,FALSE,FALSE,FALSE,FALSE,FALSE,FALSE,FALSE,FALSE,FALSE,FALSE,FALSE,FALSE,FALSE,FALSE,FALSE,FALSE,FALSE,FALSE,FALSE,FALSE,FALSE,FALSE
Mali,MtCO2e,FALSE,FALSE,FALSE,FALSE,FALSE,FALSE,FALSE,FALSE,FALSE,FALSE,FALSE,FALSE,FALSE,FALSE,FALSE,FALSE,FALSE,FALSE,FALSE,FALSE,FALSE,FALSE,FALSE,FALSE,FALSE,FALSE,FALSE,FALSE,FALSE
Malta,MtCO2e,0,0,0,0,0,0,0,0,0,0,0,0,0,0,0,0,0,0,0,0,0,0,0,0,0,0,0,0,0
Marshall Islands,MtCO2e,FALSE,FALSE,FALSE,FALSE,FALSE,FALSE,FALSE,FALSE,FALSE,FALSE,FALSE,FALSE,FALSE,FALSE,FALSE,FALSE,FALSE,FALSE,FALSE,FALSE,FALSE,FALSE,FALSE,FALSE,FALSE,FALSE,FALSE,FALSE,FALSE
Mauritania,MtCO2e,0.4,0.4,0.4,0.4,0.4,0.4,0.4,0.4,0.4,0.4,0.4,0.4,0.4,0.4,0.4,0.4,0.4,0.4,0.4,0.4,0.4,0.4,0.4,0.4,0.4,0.4,-1.08,-1.08,-1.08
Mauritius,MtCO2e,-0.02,-0.02,-0.02,-0.02,-0.02,-0.02,-0.02,-0.02,-0.02,-0.02,-0.02,0.08,0.08,0.08,0.08,0.08,0.08,0.08,0.08,0.08,0.08,0.01,0.01,0.01,0.01,0.01,-0.03,-0.03,-0.03
Mexico,MtCO2e,22.31,22.31,22.31,22.31,22.31,22.31,22.31,22.31,22.31,22.31,22.31,-66.73,-66.73,-66.73,-66.73,-66.73,-66.73,-66.73,-66.73,-66.73,-66.73,13.85,13.85,13.85,13.85,13.85,14.45,14.45,14.45
Micronesia,MtCO2e,FALSE,-0.03,-0.03,-0.03,-0.03,-0.03,-0.03,-0.03,-0.03,-0.03,-0.03,-0.03,-0.03,-0.03,-0.03,-0.03,-0.03,-0.03,-0.03,-0.03,-0.03,-0.03,-0.03,-0.03,-0.03,-0.03,-0.03,-0.03,-0.03
Moldova,MtCO2e,-0.3,-0.3,-0.3,-0.3,-0.3,-0.3,-0.3,-0.3,-0.3,-0.3,-0.3,-1,-1,-1,-1.01,-1.01,-1.01,-1.01,-1.01,-1.01,-1.01,-0.45,-0.45,-0.45,-0.45,-0.45,0.11,0.11,0.11
Mongolia,MtCO2e,4.17,4.17,4.17,4.17,4.17,4.17,4.18,4.19,4.2,4.21,4.22,4.09,4.09,4.08,4.1,4.11,4.11,4.11,4.09,4.11,4.11,3.17,3.17,3.17,3.17,3.17,3.11,3.09,3.1
Montenegro,MtCO2e,-0.34,-0.34,-0.34,-0.34,-0.34,-0.34,-0.34,-0.34,-0.34,-0.34,-0.34,-4.13,-4.13,-4.13,-4.13,-4.13,-4.13,-4.13,-4.13,-4.13,-4.13,0.03,0.03,0.03,0.03,0.03,0.03,0.03,0.03
Morocco,MtCO2e,-4.89,-4.89,-4.89,-4.89,-4.89,-4.89,-4.89,-4.89,-4.89,-4.89,-4.89,-4.52,-4.52,-4.52,-4.52,-4.52,-4.52,-4.52,-4.52,-4.52,-4.52,-1.44,-1.44,-1.44,-1.44,-1.44,-1.94,-1.94,-1.94
Mozambique,MtCO2e,48.36,48.36,48.36,48.36,48.36,48.36,48.36,48.36,48.36,48.36,48.36,48.93,48.93,48.93,48.93,48.93,48.93,48.93,48.93,48.93,48.93,45.58,45.58,45.58,45.58,45.58,52.83,52.83,52.83
Myanmar,MtCO2e,141.98,141.98,141.98,141.98,141.98,142,140.77,140.41,141.09,141.11,141.11,123.33,122.78,123.85,125.86,123.16,124.99,124.56,122.95,124.47,125.87,106.22,106.59,107.96,107.59,109.24,103.89,102.08,104.41
Namibia,MtCO2e,10.56,10.56,10.56,10.56,10.56,10.56,10.56,10.56,10.56,10.56,10.56,10.56,10.56,10.56,10.56,10.56,10.56,10.56,10.56,10.56,10.56,10.56,10.56,10.56,10.56,10.56,10.56,10.56,10.56
Nauru,MtCO2e,FALSE,FALSE,FALSE,FALSE,FALSE,FALSE,FALSE,FALSE,FALSE,FALSE,FALSE,FALSE,FALSE,FALSE,FALSE,FALSE,FALSE,FALSE,FALSE,FALSE,FALSE,FALSE,FALSE,FALSE,FALSE,FALSE,FALSE,FALSE,FALSE
Nepal,MtCO2e,-1.77,-1.77,-1.77,-1.77,-1.56,-1.6,-1.61,-1.6,-1.59,-1.31,-1.29,-4.13,-4.13,-4.14,-4.14,-4.15,-4.15,-4.15,-4.16,-4.16,-4.16,3.01,3.01,3.01,3.02,3.02,2.96,2.94,2.95
Netherlands,MtCO2e,1.48,1.48,1.48,1.48,1.47,1.47,1.46,1.46,1.46,1.45,1.44,1.19,1.16,1.13,1.11,1.11,1.11,1.12,1.12,1.12,1.12,1.37,1.37,1.37,1.37,1.37,1.36,1.36,1.36
New Zealand,MtCO2e,-25.88,-25.88,-25.88,-25.88,-25.88,-25.88,-25.89,-25.89,-25.89,-25.89,-25.9,-22.82,-22.82,-22.82,-22.83,-22.83,-22.83,-22.83,-22.83,-22.83,-22.83,-16.71,-16.71,-16.72,-16.72,-16.72,-10.61,-10.61,-10.61
Nicaragua,MtCO2e,19.54,19.54,19.54,19.54,19.54,19.54,19.54,19.54,19.53,19.53,19.53,23.64,23.64,23.64,23.64,23.64,23.64,23.64,23.64,23.64,23.64,10.99,10.99,10.99,10.98,10.98,19.51,19.51,19.51
Niger,MtCO2e,5.67,5.67,5.67,5.67,5.67,5.67,5.67,5.67,5.67,5.67,5.67,1.23,1.23,1.23,1.23,1.23,1.23,1.23,1.23,1.23,1.23,1.23,1.23,1.23,1.23,1.23,1.24,1.24,1.24
Nigeria,MtCO2e,45.99,45.99,45.99,45.99,45.99,45.99,45.99,45.99,45.99,45.99,45.99,45.99,45.99,45.99,45.99,45.99,45.99,45.99,45.99,45.99,45.99,45.99,45.99,45.99,45.99,45.99,45.99,45.99,45.99
Niue,MtCO2e,0,0,0,0,0,0,0,0,0,0,0,0,0,0,0,0,0,0,0,0,0,0,0,0,0,0,0,0,0
North Korea,MtCO2e,6.36,6.36,6.36,6.36,6.36,6.36,6.36,6.36,6.36,6.36,6.36,1.7,1.7,1.7,1.7,1.7,1.7,1.7,1.7,1.7,1.7,3.19,3.2,3.2,3.2,3.2,3.29,3.29,3.29
Norway,MtCO2e,-15.05,-15.05,-15.05,-15.05,-15.05,-15.05,-15.05,-15.06,-15.06,-15.07,-15.06,-22.87,-22.88,-22.87,-22.86,-22.85,-22.85,-22.84,-22.84,-22.83,-22.81,-18.96,-18.95,-18.95,-18.94,-18.94,-18.96,-18.95,-18.92
Oman,MtCO2e,FALSE,FALSE,FALSE,FALSE,FALSE,FALSE,FALSE,FALSE,FALSE,FALSE,FALSE,FALSE,FALSE,FALSE,FALSE,FALSE,FALSE,FALSE,FALSE,FALSE,FALSE,FALSE,FALSE,FALSE,FALSE,FALSE,0.02,0.02,0.02
Pakistan,MtCO2e,8.05,8.05,8.05,8.05,8.05,8.05,8.05,8.05,8.05,8.05,8.05,7.07,7.07,7.07,7.07,7.07,7.07,7.07,7.07,7.07,7.07,5.45,5.45,5.45,5.45,5.45,7,7,7
Palau,MtCO2e,FALSE,FALSE,FALSE,FALSE,FALSE,FALSE,FALSE,FALSE,FALSE,FALSE,FALSE,FALSE,FALSE,FALSE,FALSE,FALSE,FALSE,FALSE,FALSE,FALSE,FALSE,FALSE,FALSE,FALSE,FALSE,FALSE,FALSE,FALSE,FALSE
Panama,MtCO2e,5.99,5.99,5.99,5.99,5.99,5.99,5.99,5.99,5.99,5.99,5.99,4.4,4.4,4.4,4.4,4.4,4.4,4.4,4.4,4.4,4.4,4.4,4.4,4.4,4.4,4.4,4.4,4.4,4.4
Papua New Guinea,MtCO2e,29.18,29.18,29.18,29.18,29.18,31.36,31.33,31.49,32.09,33.4,34.77,34.48,34.8,34.65,34.79,34.55,34.27,34.06,33.5,33.25,33.23,40.32,40.3,40.22,40.11,40.11,40.84,40.82,41
Paraguay,MtCO2e,42.03,42.03,42.03,42.03,42.03,42.03,42.03,42.03,42.03,42.03,42.03,56.3,56.3,56.3,56.3,56.3,56.3,56.3,56.3,56.3,56.3,68.17,68.17,68.17,68.17,68.17,45.97,45.97,45.97
Peru,MtCO2e,59.74,59.74,59.74,59.74,59.74,59.75,59.75,59.75,59.75,59.76,59.76,64.82,64.82,64.82,64.89,64.89,64.88,64.88,64.88,64.88,64.88,88.87,88.87,88.87,88.87,88.87,89.79,89.79,89.79
Philippines,MtCO2e,2.4,2.4,2.4,2.4,2.4,2.4,2.4,2.4,2.4,2.4,2.4,2.38,2.38,2.38,2.38,2.38,2.38,2.38,2.38,2.38,2.38,2.43,2.43,2.43,2.43,2.43,2.46,2.46,2.46
Poland,MtCO2e,-13.15,-13.15,-13.15,-13.15,-13.16,-13.21,-13.32,-13.33,-13.37,-13.42,-13.44,-71.4,-71.44,-71.5,-71.58,-71.58,-71.58,-71.58,-71.6,-71.62,-71.62,-27.08,-27.08,-27.09,-27.11,-27.11,-32.88,-32.9,-32.91
Portugal,MtCO2e,1.46,1.46,1.46,1.46,1.46,1.46,1.46,1.46,1.46,1.45,1.45,0.59,0.59,0.59,0.59,0.59,0.59,0.59,0.59,0.59,0.59,-0.8,-0.8,-0.81,-0.81,-0.81,0.3,0.3,0.29
Qatar,MtCO2e,FALSE,FALSE,FALSE,FALSE,FALSE,FALSE,FALSE,FALSE,FALSE,FALSE,FALSE,FALSE,FALSE,FALSE,FALSE,FALSE,FALSE,FALSE,FALSE,FALSE,FALSE,FALSE,FALSE,FALSE,FALSE,FALSE,FALSE,FALSE,FALSE
Republic of Congo,MtCO2e,9.43,9.43,9.43,9.43,9.43,9.4,9.35,9.31,9.31,9.33,9.18,8.99,8.99,8.96,8.95,8.97,8.99,8.96,9.02,9.01,9.04,9.13,9.36,9.41,9.47,9.47,10.41,10.44,10.47
Romania,MtCO2e,0.7,0.7,0.7,0.7,0.7,0.7,0.7,0.7,0.7,0.7,0.7,-2.69,-2.69,-2.69,-2.7,-2.7,-2.69,-2.69,-2.69,-2.69,-2.69,-285.12,-285.12,-285.12,-285.12,-285.12,-22.88,-22.88,-22.88
Russia,MtCO2e,-374.53,-374.53,-374.45,-374.45,-374.46,-374.51,-374.55,-374.56,-374.55,-374.29,-374.21,-768.68,-768.68,-768.75,-768.76,-768.81,-768.89,-768.99,-769.04,-769.11,-769.04,-687.66,-687.49,-687.5,-687.53,-687.51,-559.03,-558.95,-558.5
Rwanda,MtCO2e,2.9,2.9,2.9,2.9,2.9,2.92,2.91,2.91,2.91,2.91,2.91,2.68,2.67,2.67,2.66,2.67,2.67,2.67,2.67,2.67,2.67,1.78,1.78,1.78,1.78,1.78,1.68,1.67,1.65
Saint Kitts and Nevis,MtCO2e,FALSE,FALSE,FALSE,FALSE,FALSE,FALSE,FALSE,FALSE,FALSE,FALSE,FALSE,FALSE,FALSE,FALSE,FALSE,FALSE,FALSE,FALSE,FALSE,FALSE,FALSE,FALSE,FALSE,FALSE,FALSE,FALSE,FALSE,FALSE,FALSE
Saint Lucia,MtCO2e,-0.14,-0.14,-0.14,-0.14,-0.14,-0.14,-0.14,-0.14,-0.14,-0.14,-0.14,-0.12,-0.12,-0.12,-0.12,-0.12,-0.12,-0.12,-0.12,-0.12,-0.12,-0.15,-0.15,-0.15,-0.15,-0.15,-0.15,-0.15,-0.15
Saint Vincent and the Grenadines,MtCO2e,-0.05,-0.05,-0.05,-0.05,-0.05,-0.05,-0.05,-0.05,-0.05,-0.05,-0.05,FALSE,FALSE,FALSE,FALSE,FALSE,FALSE,FALSE,FALSE,FALSE,FALSE,FALSE,FALSE,FALSE,FALSE,FALSE,FALSE,FALSE,FALSE
Samoa,MtCO2e,0.11,0.11,0.11,0.11,0.11,0.11,0.11,0.11,0.11,0.11,0.11,0.11,0.11,0.11,0.11,0.11,0.11,0.11,0.11,0.11,0.11,0.11,0.11,0.11,0.11,0.11,0.11,0.11,0.11
Sao Tome and Principe,MtCO2e,0.01,0.01,0.01,0.01,0.01,0.01,0.01,0.01,0.01,0.01,0.01,0.01,0.01,0.01,0.01,0.01,0.01,0.01,0.01,0.01,0.01,0.22,0.22,0.22,0.22,0.22,0.22,0.22,0.22
Saudi Arabia,MtCO2e,FALSE,FALSE,FALSE,FALSE,FALSE,FALSE,FALSE,FALSE,FALSE,FALSE,FALSE,FALSE,FALSE,FALSE,FALSE,FALSE,FALSE,FALSE,FALSE,FALSE,FALSE,FALSE,FALSE,FALSE,FALSE,FALSE,FALSE,FALSE,FALSE
Senegal,MtCO2e,4.89,4.89,4.89,4.89,4.89,4.89,4.89,4.89,4.89,4.89,4.89,6.37,6.37,6.37,6.37,6.37,6.37,6.37,6.37,6.37,6.37,4.47,4.47,4.47,4.47,4.47,4.33,4.33,4.33
Serbia,MtCO2e,-2.92,-2.92,-2.92,-2.92,-2.92,-2.92,-2.91,-2.91,-2.91,-2.91,-2.91,-35.59,-35.59,-35.59,-35.59,-35.59,-35.59,-35.59,-35.59,-35.59,-35.59,-2.84,-2.84,-2.84,-2.84,-2.84,-0.09,-0.09,-0.09
Seychelles,MtCO2e,FALSE,FALSE,FALSE,FALSE,FALSE,FALSE,FALSE,FALSE,FALSE,FALSE,FALSE,FALSE,FALSE,FALSE,FALSE,FALSE,FALSE,FALSE,FALSE,FALSE,FALSE,FALSE,FALSE,FALSE,FALSE,FALSE,FALSE,FALSE,FALSE
Sierra Leone,MtCO2e,3.35,3.35,3.35,3.35,3.35,3.35,3.35,3.35,3.35,3.35,3.35,3.35,3.35,3.35,3.35,3.35,3.35,3.35,3.35,3.35,3.35,3.35,3.35,3.35,3.35,3.35,3.35,3.35,3.35
Singapore,MtCO2e,-0.05,-0.05,-0.05,-0.05,-0.05,-0.05,-0.05,-0.05,-0.05,-0.05,-0.05,-0.05,-0.05,-0.05,-0.05,-0.05,-0.05,-0.05,-0.05,-0.05,-0.05,-0.05,-0.05,-0.05,-0.05,-0.05,0.03,0.03,0.03
Slovakia,MtCO2e,-9.43,-9.43,-9.43,-9.43,-9.43,-9.43,-9.43,-9.44,-9.44,-9.44,-9.44,-8.4,-8.4,-8.4,-8.4,-8.4,-8.4,-8.4,-8.4,-8.4,-8.4,-7.61,-7.61,-7.61,-7.61,-7.61,-1.07,-1.07,-1.07
Slovenia,MtCO2e,-9.4,-9.4,-9.4,-9.4,-9.4,-9.4,-9.4,-9.4,-9.4,-9.37,-9.37,-11.53,-11.53,-11.53,-11.53,-11.53,-11.53,-11.53,-11.53,-11.52,-11.52,-2.63,-2.63,-2.63,-2.63,-2.63,0.34,0.34,0.34
Solomon Islands,MtCO2e,3.91,3.91,3.91,3.91,3.91,3.91,3.91,3.91,3.91,3.91,3.91,1.69,1.69,1.69,1.69,1.69,1.69,1.69,1.69,1.69,1.69,-17.82,-17.82,-17.82,-17.82,-17.82,45.41,45.41,45.41
Somalia,MtCO2e,17.35,17.35,17.35,17.35,17.35,17.35,17.35,17.35,17.35,17.35,17.35,17.35,17.35,17.35,17.35,17.35,17.35,17.35,17.35,17.35,17.35,17.35,17.35,17.35,17.35,17.35,17.35,17.35,17.35
South Africa,MtCO2e,6.28,6.28,6.28,6.28,6.28,6.28,6.28,6.29,6.3,6.32,6.32,6.35,6.36,6.39,6.39,6.39,6.39,6.39,6.39,6.39,6.39,6.29,6.29,6.29,6.29,6.29,6.55,6.55,6.55
South Korea,MtCO2e,-42.44,-42.44,-42.44,-42.44,-42.44,-42.44,-42.44,-42.44,-42.44,-42.44,-42.44,-60.12,-60.12,-60.12,-60.12,-60.12,-60.12,-60.12,-60.12,-60.12,-60.12,-50.46,-50.46,-50.46,-50.46,-50.46,-45.8,-45.8,-45.8
South Sudan,MtCO2e,6.94,6.94,6.94,6.94,6.94,7.01,7.01,7.02,7.03,7.06,7.06,7.17,7.16,7.16,7.16,7.16,7.16,7.16,7.16,7.16,7.17,6.95,6.57,6.57,6.55,6.55,8.94,8.92,8.9
Spain,MtCO2e,-42.69,-42.69,-42.69,-42.69,-42.7,-42.7,-42.7,-42.7,-42.68,-42.64,-42.63,-19.17,-19.13,-19.13,-19.12,-19.12,-19.12,-19.13,-19.13,-19.13,-19.13,-7.86,-7.86,-7.86,-7.86,-7.86,-13.88,-13.88,-13.89
Sri Lanka,MtCO2e,4.63,4.63,4.63,4.63,4.63,4.63,4.63,4.63,4.63,4.62,4.62,2.5,2.5,2.5,2.51,2.5,2.5,2.48,2.47,2.47,2.46,0.65,0.64,0.63,0.62,0.61,1.92,1.91,1.91
Sudan,MtCO2e,21.14,21.14,21.14,21.14,21.14,21.35,21.35,21.36,21.39,21.48,21.48,21.82,21.81,21.79,21.8,21.8,21.8,21.8,21.8,21.81,21.81,21.15,21.52,21.52,21.52,21.52,21,21,21
Suriname,MtCO2e,3.24,3.24,3.24,3.24,3.24,3.3,3.36,3.36,3.39,3.46,3.46,3.8,3.8,3.8,3.98,3.97,3.97,3.97,3.97,3.97,3.97,8.25,8.25,8.25,8.25,8.25,9.36,9.36,9.36
Sweden,MtCO2e,1.86,1.86,1.86,1.86,1.86,1.87,1.87,1.88,1.9,1.95,2.04,-11.54,-11.53,-11.5,-11.42,-11.32,-11.29,-11.26,-11.21,-11.12,-10.98,-22.28,-22.25,-22.24,-22.2,-22.2,-16.65,-16.57,-16.32
Switzerland,MtCO2e,-1.46,-1.46,-1.46,-1.46,-1.46,-1.46,-1.46,-1.47,-1.47,-1.47,-1.47,-2.32,-2.34,-2.35,-2.36,-2.36,-2.36,-2.36,-2.36,-2.36,-2.36,-2.21,-2.21,-2.21,-2.21,-2.21,-2.24,-2.24,-2.24
Syria,MtCO2e,-0.67,-0.67,-0.67,-0.67,-0.67,-0.67,-0.67,-0.67,-0.67,-0.67,-0.67,-0.67,-0.67,-0.67,-0.67,-0.67,-0.67,-0.67,-0.67,-0.67,-0.67,-0.68,-0.68,-0.68,-0.68,-0.68,0,0,0
Tajikistan,MtCO2e,0.03,0.03,0.03,0.03,0.03,0.03,0.03,0.03,0.03,0.03,0.03,-0.35,-0.35,-0.35,-0.35,-0.35,-0.35,-0.35,-0.35,-0.35,-0.35,-0.4,-0.4,-0.4,-0.4,-0.4,-0.13,-0.13,-0.13
Tanzania,MtCO2e,52.13,52.13,52.13,52.13,52.13,52.12,52.12,52.13,52.14,52.15,52.13,52.11,52.09,52.08,52.05,52.05,52.04,52.01,51.98,51.96,51.97,51.97,51.97,51.96,51.96,51.96,64.12,64.11,64.1
Thailand,MtCO2e,12.17,12.17,12.17,12.17,12.17,12.08,11.75,11.74,11.83,11.68,11.66,-33.55,-33.21,-33.55,-32.06,-33.53,-33.52,-33.51,-33.5,-33.51,-33.15,0.26,0.26,0.26,0.71,0.26,13.06,13.04,13.04
Timor-Leste,MtCO2e,0.46,0.46,0.46,0.46,0.46,0.46,0.46,0.46,0.46,0.46,0.46,0.46,0.46,0.46,0.46,0.46,0.46,0.46,0.46,0.46,0.46,0.46,0.46,0.46,0.46,0.46,0.46,0.46,0.46
Togo,MtCO2e,2.66,2.66,2.66,2.66,2.66,2.66,2.66,2.66,2.66,2.66,2.66,0.95,0.95,0.95,0.95,0.95,0.95,0.95,0.95,0.95,0.95,0.94,0.94,0.94,0.94,0.94,0.81,0.81,0.81
Tonga,MtCO2e,FALSE,FALSE,FALSE,FALSE,FALSE,FALSE,FALSE,FALSE,FALSE,FALSE,FALSE,FALSE,FALSE,FALSE,FALSE,FALSE,FALSE,FALSE,FALSE,FALSE,FALSE,FALSE,FALSE,FALSE,FALSE,FALSE,FALSE,FALSE,FALSE
Trinidad and Tobago,MtCO2e,0.08,0.08,0.08,0.08,0.08,0.08,0.08,0.08,0.08,0.08,0.08,0.14,0.14,0.14,0.14,0.14,0.14,0.14,0.14,0.14,0.14,0.11,0.11,0.11,0.11,0.11,0.13,0.13,0.13
Tunisia,MtCO2e,-0.92,-0.92,-0.92,-0.92,-0.92,-0.92,-0.92,-0.92,-0.92,-0.92,-0.92,-1.31,-1.31,-1.31,-1.31,-1.31,-1.31,-1.31,-1.31,-1.31,-1.31,3.88,3.88,3.88,3.88,3.88,-3.79,-3.79,-3.79
Turkey,MtCO2e,-16.94,-16.94,-16.94,-16.94,-16.94,-16.94,-16.94,-16.94,-16.94,-16.94,-16.94,-42.96,-42.96,-42.96,-42.96,-42.96,-42.96,-42.96,-42.96,-42.96,-42.96,-59.67,-59.67,-59.67,-59.67,-59.67,-28.65,-28.65,-28.65
Turkmenistan,MtCO2e,FALSE,FALSE,FALSE,FALSE,FALSE,FALSE,FALSE,FALSE,FALSE,FALSE,FALSE,-0.17,-0.17,-0.17,-0.17,-0.17,-0.17,-0.17,-0.17,-0.17,-0.17,FALSE,FALSE,FALSE,FALSE,FALSE,FALSE,FALSE,FALSE
Tuvalu,MtCO2e,0,0,0,0,0,0,0,0,0,0,0,0,0,0,0,0,0,0,0,0,0,0,0,0,0,0,0,0,0
Uganda,MtCO2e,15.83,15.83,15.83,15.83,15.83,15.87,15.87,15.86,15.87,15.86,15.85,15.84,15.85,15.85,15.84,15.84,15.85,15.85,15.85,15.84,15.83,15.83,15.83,15.83,15.83,15.83,15.83,15.83,15.82
Ukraine,MtCO2e,-48.53,-48.53,-48.52,-48.52,-48.53,-48.49,-48.55,-48.56,-48.55,-48.64,-48.68,-24.17,-24.22,-24.29,-24.4,-24.43,-24.45,-24.48,-24.54,-24.59,-24.59,-14.28,-14.27,-14.27,-14.27,-14.27,-12.15,-12.18,-12.19
United Arab Emirates,MtCO2e,FALSE,FALSE,FALSE,FALSE,FALSE,FALSE,FALSE,FALSE,FALSE,FALSE,FALSE,FALSE,FALSE,FALSE,FALSE,FALSE,FALSE,FALSE,FALSE,FALSE,FALSE,FALSE,FALSE,FALSE,FALSE,FALSE,FALSE,FALSE,FALSE
United Kingdom,MtCO2e,-10.96,-10.96,-10.96,-10.96,-10.96,-10.96,-10.96,-10.96,-10.96,-10.96,-10.96,-10.96,-10.96,-10.96,-10.96,-10.96,-10.96,-10.96,-10.96,-10.96,-10.96,-10.96,-10.96,-10.96,-10.96,-10.96,-10.96,-10.96,-10.96
United States,MtCO2e,-418.58,-418.58,-418.58,-418.58,-418.71,-418.59,-418.65,-418.7,-418.64,-418.63,-418.53,-401.46,-401.48,-401.5,-401.57,-401.63,-401.71,-401.75,-401.84,-401.9,-401.91,-418.98,-419.05,-419.16,-419.23,-419.26,-231.8,-231.82,-231.73
Uruguay,MtCO2e,-13.24,-13.24,-13.24,-13.24,-13.24,-13.23,-13.23,-13.23,-13.23,-13.23,-13.23,-9.97,-9.97,-9.97,-9.97,-9.97,-9.97,-9.97,-9.97,-9.97,-9.97,-6.89,-6.89,-6.89,-6.9,-6.9,-1.77,-1.77,-1.77
Uzbekistan,MtCO2e,-0.79,-0.79,-0.79,-0.79,-0.79,-0.79,-0.79,-0.79,-0.79,-0.79,-0.79,-11.61,-11.61,-11.61,-11.61,-11.61,-11.61,-11.61,-11.61,-11.61,-11.61,-3.12,-3.12,-3.12,-3.12,-3.12,-3.37,-3.37,-3.37
Vanuatu,MtCO2e,FALSE,FALSE,FALSE,FALSE,FALSE,FALSE,FALSE,FALSE,FALSE,FALSE,FALSE,FALSE,FALSE,FALSE,FALSE,FALSE,FALSE,FALSE,FALSE,FALSE,FALSE,FALSE,FALSE,FALSE,FALSE,FALSE,FALSE,FALSE,FALSE
Venezuela,MtCO2e,145.05,145.05,145.05,145.05,145.05,145.04,145.04,145.04,145.04,145.12,145.12,87.17,87.17,87.11,87.15,87.14,87.14,87.13,87.13,87.12,87.13,108.31,108.31,108.35,108.52,108.52,42.83,42.97,43.13
Vietnam,MtCO2e,-72.29,-72.29,-72.29,-72.29,-72.29,-72.27,-72.47,-72.54,-72.38,-72.42,-72.47,18.01,20.33,18.02,18.36,18.45,18.01,18.05,18,18.01,18.24,-22.64,-22.67,-20.91,-22.12,-22.67,-12.17,-12.48,-12.5
Yemen,MtCO2e,FALSE,FALSE,FALSE,FALSE,FALSE,FALSE,FALSE,FALSE,FALSE,FALSE,FALSE,FALSE,FALSE,FALSE,FALSE,FALSE,FALSE,FALSE,FALSE,FALSE,FALSE,FALSE,FALSE,FALSE,FALSE,FALSE,FALSE,FALSE,FALSE
Zambia,MtCO2e,17.28,17.28,17.28,17.28,17.28,17.29,17.28,17.28,17.29,17.34,17.41,17.42,17.45,17.45,17.47,17.45,17.44,17.44,17.45,17.44,17.44,32.86,32.86,32.86,32.84,32.84,32.82,32.82,32.74
Zimbabwe,MtCO2e,10.4,10.4,10.4,10.4,10.4,10.4,10.4,10.4,10.4,10.4,10.4,10.94,10.94,10.94,10.94,10.94,10.94,10.94,10.94,10.94,10.94,11.32,11.32,11.32,11.32,11.32,87.16,87.16,87.16
